"Time","simulation_actions.last { name: Zona1_wall2_shade_FMU }"
2024-12-31 13:00:00,
2025-01-01 01:00:00,
2025-01-01 13:00:00,
2025-01-02 01:00:00,
2025-01-02 13:00:00,
2025-01-03 01:00:00,
2025-01-03 13:00:00,
2025-01-04 01:00:00,0
2025-01-04 13:00:00,0
2025-01-05 01:00:00,0
2025-01-05 13:00:00,0
2025-01-06 01:00:00,0
2025-01-06 13:00:00,0
2025-01-07 01:00:00,0
2025-01-07 13:00:00,0
2025-01-08 01:00:00,0
2025-01-08 13:00:00,0
2025-01-09 01:00:00,0
2025-01-09 13:00:00,0
2025-01-10 01:00:00,0
2025-01-10 13:00:00,0
2025-01-11 01:00:00,0
2025-01-11 13:00:00,0
2025-01-12 01:00:00,0
2025-01-12 13:00:00,0
2025-01-13 01:00:00,0
2025-01-13 13:00:00,0
2025-01-14 01:00:00,0
2025-01-14 13:00:00,0
2025-01-15 01:00:00,0
2025-01-15 13:00:00,0
2025-01-16 01:00:00,0
2025-01-16 13:00:00,0
2025-01-17 01:00:00,0
2025-01-17 13:00:00,0
2025-01-18 01:00:00,0
2025-01-18 13:00:00,0
2025-01-19 01:00:00,0
2025-01-19 13:00:00,0
2025-01-20 01:00:00,0
2025-01-20 13:00:00,0
2025-01-21 01:00:00,0
2025-01-21 13:00:00,0
2025-01-22 01:00:00,0
2025-01-22 13:00:00,0
2025-01-23 01:00:00,0
2025-01-23 13:00:00,0
2025-01-24 01:00:00,0
2025-01-24 13:00:00,0
2025-01-25 01:00:00,0
2025-01-25 13:00:00,0
2025-01-26 01:00:00,0
2025-01-26 13:00:00,0
2025-01-27 01:00:00,0
2025-01-27 13:00:00,0
2025-01-28 01:00:00,0
2025-01-28 13:00:00,0
2025-01-29 01:00:00,0
2025-01-29 13:00:00,0
2025-01-30 01:00:00,0
2025-01-30 13:00:00,0
2025-01-31 01:00:00,0
2025-01-31 13:00:00,0
2025-02-01 01:00:00,0
2025-02-01 13:00:00,0
2025-02-02 01:00:00,0
2025-02-02 13:00:00,0
2025-02-03 01:00:00,0
2025-02-03 13:00:00,0
2025-02-04 01:00:00,0
2025-02-04 13:00:00,0
2025-02-05 01:00:00,0
2025-02-05 13:00:00,0
2025-02-06 01:00:00,0
2025-02-06 13:00:00,0
2025-02-07 01:00:00,0
2025-02-07 13:00:00,0
2025-02-08 01:00:00,0
2025-02-08 13:00:00,0
2025-02-09 01:00:00,0
2025-02-09 13:00:00,0
2025-02-10 01:00:00,0
2025-02-10 13:00:00,0
2025-02-11 01:00:00,0
2025-02-11 13:00:00,0
2025-02-12 01:00:00,0
2025-02-12 13:00:00,0
2025-02-13 01:00:00,0
2025-02-13 13:00:00,0
2025-02-14 01:00:00,0
2025-02-14 13:00:00,0
2025-02-15 01:00:00,0
2025-02-15 13:00:00,0
2025-02-16 01:00:00,0
2025-02-16 13:00:00,0
2025-02-17 01:00:00,0
2025-02-17 13:00:00,0
2025-02-18 01:00:00,0
2025-02-18 13:00:00,0
2025-02-19 01:00:00,0
2025-02-19 13:00:00,0
2025-02-20 01:00:00,0
2025-02-20 13:00:00,0
2025-02-21 01:00:00,0
2025-02-21 13:00:00,0
2025-02-22 01:00:00,0
2025-02-22 13:00:00,0
2025-02-23 01:00:00,0
2025-02-23 13:00:00,0
2025-02-24 01:00:00,0
2025-02-24 13:00:00,0
2025-02-25 01:00:00,0
2025-02-25 13:00:00,0
2025-02-26 01:00:00,0
2025-02-26 13:00:00,0
2025-02-27 01:00:00,0
2025-02-27 13:00:00,0
2025-02-28 01:00:00,0
2025-02-28 13:00:00,0
2025-03-01 01:00:00,0
2025-03-01 13:00:00,0
2025-03-02 01:00:00,0
2025-03-02 13:00:00,0
2025-03-03 01:00:00,0
2025-03-03 13:00:00,0
2025-03-04 01:00:00,0
2025-03-04 13:00:00,0
2025-03-05 01:00:00,0
2025-03-05 13:00:00,0
2025-03-06 01:00:00,0
2025-03-06 13:00:00,0
2025-03-07 01:00:00,0
2025-03-07 13:00:00,0
2025-03-08 01:00:00,0
2025-03-08 13:00:00,0
2025-03-09 01:00:00,0
2025-03-09 13:00:00,0
2025-03-10 01:00:00,0
2025-03-10 13:00:00,0
2025-03-11 01:00:00,0
2025-03-11 13:00:00,0
2025-03-12 01:00:00,0
2025-03-12 13:00:00,0
2025-03-13 01:00:00,0
2025-03-13 13:00:00,0
2025-03-14 01:00:00,0
2025-03-14 13:00:00,0
2025-03-15 01:00:00,0
2025-03-15 13:00:00,0
2025-03-16 01:00:00,0
2025-03-16 13:00:00,0
2025-03-17 01:00:00,0
2025-03-17 13:00:00,0
2025-03-18 01:00:00,0
2025-03-18 13:00:00,0
2025-03-19 01:00:00,0
2025-03-19 13:00:00,0
2025-03-20 01:00:00,0
2025-03-20 13:00:00,0
2025-03-21 01:00:00,0
2025-03-21 13:00:00,0
2025-03-22 01:00:00,0
2025-03-22 13:00:00,0
2025-03-23 01:00:00,0
2025-03-23 13:00:00,0
2025-03-24 01:00:00,0
2025-03-24 13:00:00,0
2025-03-25 01:00:00,0
2025-03-25 13:00:00,0
2025-03-26 01:00:00,0
2025-03-26 13:00:00,0
2025-03-27 01:00:00,0
2025-03-27 13:00:00,0
2025-03-28 01:00:00,0
2025-03-28 13:00:00,0
2025-03-29 01:00:00,0
2025-03-29 13:00:00,0
2025-03-30 01:00:00,0
2025-03-30 14:00:00,0
2025-03-31 02:00:00,0
2025-03-31 14:00:00,0
2025-04-01 02:00:00,0
2025-04-01 14:00:00,0
2025-04-02 02:00:00,0
2025-04-02 14:00:00,0
2025-04-03 02:00:00,0
2025-04-03 14:00:00,0
2025-04-04 02:00:00,0
2025-04-04 14:00:00,0
2025-04-05 02:00:00,0
2025-04-05 14:00:00,0
2025-04-06 02:00:00,0
2025-04-06 14:00:00,0
2025-04-07 02:00:00,0
2025-04-07 14:00:00,0
2025-04-08 02:00:00,0
2025-04-08 14:00:00,0
2025-04-09 02:00:00,0
2025-04-09 14:00:00,0
2025-04-10 02:00:00,0
2025-04-10 14:00:00,0
2025-04-11 02:00:00,0
2025-04-11 14:00:00,0
2025-04-12 02:00:00,0
2025-04-12 14:00:00,0
2025-04-13 02:00:00,0
2025-04-13 14:00:00,0
2025-04-14 02:00:00,0
2025-04-14 14:00:00,0
2025-04-15 02:00:00,0
2025-04-15 14:00:00,0
2025-04-16 02:00:00,0
2025-04-16 14:00:00,0
2025-04-17 02:00:00,0
2025-04-17 14:00:00,0
2025-04-18 02:00:00,0
2025-04-18 14:00:00,0
2025-04-19 02:00:00,0
2025-04-19 14:00:00,0
2025-04-20 02:00:00,0
2025-04-20 14:00:00,0
2025-04-21 02:00:00,0
2025-04-21 14:00:00,0
2025-04-22 02:00:00,0
2025-04-22 14:00:00,0
2025-04-23 02:00:00,0
2025-04-23 14:00:00,0
2025-04-24 02:00:00,0
2025-04-24 14:00:00,0
2025-04-25 02:00:00,0
2025-04-25 14:00:00,0
2025-04-26 02:00:00,0
2025-04-26 14:00:00,0
2025-04-27 02:00:00,0
2025-04-27 14:00:00,0
2025-04-28 02:00:00,0
2025-04-28 14:00:00,0
2025-04-29 02:00:00,0
2025-04-29 14:00:00,0
2025-04-30 02:00:00,0
2025-04-30 14:00:00,0
2025-05-01 02:00:00,0
2025-05-01 14:00:00,0
2025-05-02 02:00:00,0
2025-05-02 14:00:00,0
2025-05-03 02:00:00,0
2025-05-03 14:00:00,0
2025-05-04 02:00:00,0
2025-05-04 14:00:00,0
2025-05-05 02:00:00,0
2025-05-05 14:00:00,0
2025-05-06 02:00:00,0
2025-05-06 14:00:00,0
2025-05-07 02:00:00,0
2025-05-07 14:00:00,0
2025-05-08 02:00:00,0
2025-05-08 14:00:00,0
2025-05-09 02:00:00,0
2025-05-09 14:00:00,0
2025-05-10 02:00:00,0
2025-05-10 14:00:00,0
2025-05-11 02:00:00,0
2025-05-11 14:00:00,0
2025-05-12 02:00:00,0
2025-05-12 14:00:00,0
2025-05-13 02:00:00,0
2025-05-13 14:00:00,0
2025-05-14 02:00:00,0
2025-05-14 14:00:00,0
2025-05-15 02:00:00,0
2025-05-15 14:00:00,0
2025-05-16 02:00:00,0
2025-05-16 14:00:00,0
2025-05-17 02:00:00,0
2025-05-17 14:00:00,0
2025-05-18 02:00:00,0
2025-05-18 14:00:00,0
2025-05-19 02:00:00,0
2025-05-19 14:00:00,0
2025-05-20 02:00:00,0
2025-05-20 14:00:00,0
2025-05-21 02:00:00,0
2025-05-21 14:00:00,0
2025-05-22 02:00:00,0
2025-05-22 14:00:00,0
2025-05-23 02:00:00,0
2025-05-23 14:00:00,0
2025-05-24 02:00:00,0
2025-05-24 14:00:00,0
2025-05-25 02:00:00,0
2025-05-25 14:00:00,0
2025-05-26 02:00:00,0
2025-05-26 14:00:00,0
2025-05-27 02:00:00,0
2025-05-27 14:00:00,0
2025-05-28 02:00:00,0
2025-05-28 14:00:00,0
2025-05-29 02:00:00,0
2025-05-29 14:00:00,0
2025-05-30 02:00:00,0
2025-05-30 14:00:00,0
2025-05-31 02:00:00,0
2025-05-31 14:00:00,0
2025-06-01 02:00:00,0
2025-06-01 14:00:00,0
2025-06-02 02:00:00,0
2025-06-02 14:00:00,0
2025-06-03 02:00:00,0
2025-06-03 14:00:00,0
2025-06-04 02:00:00,0
2025-06-04 14:00:00,0
2025-06-05 02:00:00,0
2025-06-05 14:00:00,0
2025-06-06 02:00:00,0
2025-06-06 14:00:00,0
2025-06-07 02:00:00,0
2025-06-07 14:00:00,0
2025-06-08 02:00:00,0
2025-06-08 14:00:00,0
2025-06-09 02:00:00,0
2025-06-09 14:00:00,0
2025-06-10 02:00:00,0
2025-06-10 14:00:00,0
2025-06-11 02:00:00,0
2025-06-11 14:00:00,0
2025-06-12 02:00:00,0
2025-06-12 14:00:00,0
2025-06-13 02:00:00,0
2025-06-13 14:00:00,0
2025-06-14 02:00:00,0
2025-06-14 14:00:00,0
2025-06-15 02:00:00,0
2025-06-15 14:00:00,0
2025-06-16 02:00:00,0
2025-06-16 14:00:00,0
2025-06-17 02:00:00,0
2025-06-17 14:00:00,0
2025-06-18 02:00:00,0
2025-06-18 14:00:00,0
2025-06-19 02:00:00,0
2025-06-19 14:00:00,0
2025-06-20 02:00:00,0
2025-06-20 14:00:00,0
2025-06-21 02:00:00,0
2025-06-21 14:00:00,0
2025-06-22 02:00:00,0
2025-06-22 14:00:00,0
2025-06-23 02:00:00,0
2025-06-23 14:00:00,0
2025-06-24 02:00:00,0
2025-06-24 14:00:00,0
2025-06-25 02:00:00,0
2025-06-25 14:00:00,0
2025-06-26 02:00:00,0
2025-06-26 14:00:00,0
2025-06-27 02:00:00,0
2025-06-27 14:00:00,0
2025-06-28 02:00:00,0
2025-06-28 14:00:00,0
2025-06-29 02:00:00,0
2025-06-29 14:00:00,0
2025-06-30 02:00:00,0
2025-06-30 14:00:00,0
2025-07-01 02:00:00,0
2025-07-01 14:00:00,0
2025-07-02 02:00:00,0
2025-07-02 14:00:00,0
2025-07-03 02:00:00,0
2025-07-03 14:00:00,0
2025-07-04 02:00:00,0
2025-07-04 14:00:00,0
2025-07-05 02:00:00,0
2025-07-05 14:00:00,0
2025-07-06 02:00:00,0
2025-07-06 14:00:00,0
2025-07-07 02:00:00,0
2025-07-07 14:00:00,0
2025-07-08 02:00:00,0
2025-07-08 14:00:00,0
2025-07-09 02:00:00,0
2025-07-09 14:00:00,0
2025-07-10 02:00:00,0
2025-07-10 14:00:00,0
2025-07-11 02:00:00,0
2025-07-11 14:00:00,0
2025-07-12 02:00:00,0
2025-07-12 14:00:00,0
2025-07-13 02:00:00,0
2025-07-13 14:00:00,0
2025-07-14 02:00:00,0
2025-07-14 14:00:00,0
2025-07-15 02:00:00,0
2025-07-15 14:00:00,0
2025-07-16 02:00:00,0
2025-07-16 14:00:00,0
2025-07-17 02:00:00,0
2025-07-17 14:00:00,0
2025-07-18 02:00:00,0
2025-07-18 14:00:00,0
2025-07-19 02:00:00,0
2025-07-19 14:00:00,0
2025-07-20 02:00:00,0
2025-07-20 14:00:00,0
2025-07-21 02:00:00,0
2025-07-21 14:00:00,0
2025-07-22 02:00:00,0
2025-07-22 14:00:00,0
2025-07-23 02:00:00,0
2025-07-23 14:00:00,0
2025-07-24 02:00:00,0
2025-07-24 14:00:00,0
2025-07-25 02:00:00,0
2025-07-25 14:00:00,0
2025-07-26 02:00:00,0
2025-07-26 14:00:00,0
2025-07-27 02:00:00,0
2025-07-27 14:00:00,0
2025-07-28 02:00:00,0
2025-07-28 14:00:00,0
2025-07-29 02:00:00,0
2025-07-29 14:00:00,0
2025-07-30 02:00:00,0
2025-07-30 14:00:00,0
2025-07-31 02:00:00,0
2025-07-31 14:00:00,0
2025-08-01 02:00:00,0
2025-08-01 14:00:00,0
2025-08-02 02:00:00,0
2025-08-02 14:00:00,0
2025-08-03 02:00:00,0
2025-08-03 14:00:00,0
2025-08-04 02:00:00,0
2025-08-04 14:00:00,0
2025-08-05 02:00:00,0
2025-08-05 14:00:00,0
2025-08-06 02:00:00,0
2025-08-06 14:00:00,0
2025-08-07 02:00:00,0
2025-08-07 14:00:00,0
2025-08-08 02:00:00,0
2025-08-08 14:00:00,0
2025-08-09 02:00:00,0
2025-08-09 14:00:00,0
2025-08-10 02:00:00,0
2025-08-10 14:00:00,0
2025-08-11 02:00:00,0
2025-08-11 14:00:00,0
2025-08-12 02:00:00,0
2025-08-12 14:00:00,0
2025-08-13 02:00:00,0
2025-08-13 14:00:00,0
2025-08-14 02:00:00,0
2025-08-14 14:00:00,0
2025-08-15 02:00:00,0
2025-08-15 14:00:00,0
2025-08-16 02:00:00,0
2025-08-16 14:00:00,0
2025-08-17 02:00:00,0
2025-08-17 14:00:00,0
2025-08-18 02:00:00,0
2025-08-18 14:00:00,0
2025-08-19 02:00:00,0
2025-08-19 14:00:00,0
2025-08-20 02:00:00,0
2025-08-20 14:00:00,0
2025-08-21 02:00:00,0
2025-08-21 14:00:00,0
2025-08-22 02:00:00,0
2025-08-22 14:00:00,0
2025-08-23 02:00:00,0
2025-08-23 14:00:00,0
2025-08-24 02:00:00,0
2025-08-24 14:00:00,0
2025-08-25 02:00:00,0
2025-08-25 14:00:00,0
2025-08-26 02:00:00,0
2025-08-26 14:00:00,0
2025-08-27 02:00:00,0
2025-08-27 14:00:00,0
2025-08-28 02:00:00,0
2025-08-28 14:00:00,0
2025-08-29 02:00:00,0
2025-08-29 14:00:00,0
2025-08-30 02:00:00,0
2025-08-30 14:00:00,0
2025-08-31 02:00:00,0
2025-08-31 14:00:00,0
2025-09-01 02:00:00,0
2025-09-01 14:00:00,0
2025-09-02 02:00:00,0
2025-09-02 14:00:00,0
2025-09-03 02:00:00,0
2025-09-03 14:00:00,0
2025-09-04 02:00:00,0
2025-09-04 14:00:00,0
2025-09-05 02:00:00,0
2025-09-05 14:00:00,0
2025-09-06 02:00:00,0
2025-09-06 14:00:00,0
2025-09-07 02:00:00,0
2025-09-07 14:00:00,0
2025-09-08 02:00:00,0
2025-09-08 14:00:00,0
2025-09-09 02:00:00,0
2025-09-09 14:00:00,0
2025-09-10 02:00:00,0
2025-09-10 14:00:00,0
2025-09-11 02:00:00,0
2025-09-11 14:00:00,0
2025-09-12 02:00:00,0
2025-09-12 14:00:00,0
2025-09-13 02:00:00,0
2025-09-13 14:00:00,0
2025-09-14 02:00:00,0
2025-09-14 14:00:00,0
2025-09-15 02:00:00,0
2025-09-15 14:00:00,0
2025-09-16 02:00:00,0
2025-09-16 14:00:00,0
2025-09-17 02:00:00,0
2025-09-17 14:00:00,0
2025-09-18 02:00:00,0
2025-09-18 14:00:00,0
2025-09-19 02:00:00,0
2025-09-19 14:00:00,0
2025-09-20 02:00:00,0
2025-09-20 14:00:00,0
2025-09-21 02:00:00,0
2025-09-21 14:00:00,0
2025-09-22 02:00:00,0
2025-09-22 14:00:00,0
2025-09-23 02:00:00,0
2025-09-23 14:00:00,0
2025-09-24 02:00:00,0
2025-09-24 14:00:00,0
2025-09-25 02:00:00,0
2025-09-25 14:00:00,0
2025-09-26 02:00:00,0
2025-09-26 14:00:00,0
2025-09-27 02:00:00,0
2025-09-27 14:00:00,0
2025-09-28 02:00:00,0
2025-09-28 14:00:00,0
2025-09-29 02:00:00,0
2025-09-29 14:00:00,0
2025-09-30 02:00:00,0
2025-09-30 14:00:00,0
2025-10-01 02:00:00,0
2025-10-01 14:00:00,0
2025-10-02 02:00:00,0
2025-10-02 14:00:00,0
2025-10-03 02:00:00,0
2025-10-03 14:00:00,0
2025-10-04 02:00:00,0
2025-10-04 14:00:00,0
2025-10-05 02:00:00,0
2025-10-05 14:00:00,0
2025-10-06 02:00:00,0
2025-10-06 14:00:00,0
2025-10-07 02:00:00,0
2025-10-07 14:00:00,0
2025-10-08 02:00:00,0
2025-10-08 14:00:00,0
2025-10-09 02:00:00,0
2025-10-09 14:00:00,0
2025-10-10 02:00:00,0
2025-10-10 14:00:00,0
2025-10-11 02:00:00,0
2025-10-11 14:00:00,0
2025-10-12 02:00:00,0
2025-10-12 14:00:00,0
2025-10-13 02:00:00,0
2025-10-13 14:00:00,0
2025-10-14 02:00:00,0
2025-10-14 14:00:00,0
2025-10-15 02:00:00,0
2025-10-15 14:00:00,0
2025-10-16 02:00:00,0
2025-10-16 14:00:00,0
2025-10-17 02:00:00,0
2025-10-17 14:00:00,0
2025-10-18 02:00:00,0
2025-10-18 14:00:00,0
2025-10-19 02:00:00,0
2025-10-19 14:00:00,0
2025-10-20 02:00:00,0
2025-10-20 14:00:00,0
2025-10-21 02:00:00,0
2025-10-21 14:00:00,0
2025-10-22 02:00:00,0
2025-10-22 14:00:00,0
2025-10-23 02:00:00,0
2025-10-23 14:00:00,0
2025-10-24 02:00:00,0
2025-10-24 14:00:00,0
2025-10-25 02:00:00,0
2025-10-25 14:00:00,0
2025-10-26 02:00:00,0
2025-10-26 13:00:00,0
2025-10-27 01:00:00,0
2025-10-27 13:00:00,0
2025-10-28 01:00:00,0
2025-10-28 13:00:00,0
2025-10-29 01:00:00,0
2025-10-29 13:00:00,0
2025-10-30 01:00:00,0
2025-10-30 13:00:00,0
2025-10-31 01:00:00,0
2025-10-31 13:00:00,0
2025-11-01 01:00:00,0
2025-11-01 13:00:00,0
2025-11-02 01:00:00,0
2025-11-02 13:00:00,0
2025-11-03 01:00:00,0
2025-11-03 13:00:00,0
2025-11-04 01:00:00,0
2025-11-04 13:00:00,0
2025-11-05 01:00:00,0
2025-11-05 13:00:00,0
2025-11-06 01:00:00,0
2025-11-06 13:00:00,0
2025-11-07 01:00:00,0
2025-11-07 13:00:00,0
2025-11-08 01:00:00,0
2025-11-08 13:00:00,0
2025-11-09 01:00:00,0
2025-11-09 13:00:00,0
2025-11-10 01:00:00,0
2025-11-10 13:00:00,0
2025-11-11 01:00:00,0
2025-11-11 13:00:00,0
2025-11-12 01:00:00,0
2025-11-12 13:00:00,0
2025-11-13 01:00:00,0
2025-11-13 13:00:00,0
2025-11-14 01:00:00,0
2025-11-14 13:00:00,0
2025-11-15 01:00:00,0
2025-11-15 13:00:00,0
2025-11-16 01:00:00,0
2025-11-16 13:00:00,0
2025-11-17 01:00:00,0
2025-11-17 13:00:00,0
2025-11-18 01:00:00,0
2025-11-18 13:00:00,0
2025-11-19 01:00:00,0
2025-11-19 13:00:00,0
2025-11-20 01:00:00,0
2025-11-20 13:00:00,0
2025-11-21 01:00:00,0
2025-11-21 13:00:00,0
2025-11-22 01:00:00,0
2025-11-22 13:00:00,0
2025-11-23 01:00:00,0
2025-11-23 13:00:00,0
2025-11-24 01:00:00,0
2025-11-24 13:00:00,0
2025-11-25 01:00:00,0
2025-11-25 13:00:00,0
2025-11-26 01:00:00,0
2025-11-26 13:00:00,0
2025-11-27 01:00:00,0
2025-11-27 13:00:00,0
2025-11-28 01:00:00,0
2025-11-28 13:00:00,0
2025-11-29 01:00:00,0
2025-11-29 13:00:00,0
2025-11-30 01:00:00,0
2025-11-30 13:00:00,0
2025-12-01 01:00:00,0
2025-12-01 13:00:00,0
2025-12-02 01:00:00,0
2025-12-02 13:00:00,0
2025-12-03 01:00:00,0
2025-12-03 13:00:00,0
2025-12-04 01:00:00,0
2025-12-04 13:00:00,0
2025-12-05 01:00:00,0
2025-12-05 13:00:00,0
2025-12-06 01:00:00,0
2025-12-06 13:00:00,0
2025-12-07 01:00:00,0
2025-12-07 13:00:00,0
2025-12-08 01:00:00,0
2025-12-08 13:00:00,0
2025-12-09 01:00:00,0
2025-12-09 13:00:00,0
2025-12-10 01:00:00,0
2025-12-10 13:00:00,0
2025-12-11 01:00:00,0
2025-12-11 13:00:00,0
2025-12-12 01:00:00,0
2025-12-12 13:00:00,0
2025-12-13 01:00:00,0
2025-12-13 13:00:00,0
2025-12-14 01:00:00,0
2025-12-14 13:00:00,0
2025-12-15 01:00:00,0
2025-12-15 13:00:00,0
2025-12-16 01:00:00,0
2025-12-16 13:00:00,0
2025-12-17 01:00:00,0
2025-12-17 13:00:00,0
2025-12-18 01:00:00,0
2025-12-18 13:00:00,0
2025-12-19 01:00:00,0
2025-12-19 13:00:00,0
2025-12-20 01:00:00,0
2025-12-20 13:00:00,0
2025-12-21 01:00:00,0
2025-12-21 13:00:00,0
2025-12-22 01:00:00,0
2025-12-22 13:00:00,0
2025-12-23 01:00:00,0
2025-12-23 13:00:00,0
2025-12-24 01:00:00,0
2025-12-24 13:00:00,0
2025-12-25 01:00:00,0
2025-12-25 13:00:00,0
2025-12-26 01:00:00,0
2025-12-26 13:00:00,0
2025-12-27 01:00:00,0
2025-12-27 13:00:00,0
2025-12-28 01:00:00,0
2025-12-28 13:00:00,0
2025-12-29 01:00:00,0
2025-12-29 13:00:00,0
2025-12-30 01:00:00,0
2025-12-30 13:00:00,0
2025-12-31 01:00:00,0
2025-12-31 13:00:00,0