"Time","simulation_observations.last { name: T_ext }","simulation_observations.last { name: Tair_z1 }","simulation_observations.last { name: Tair_z2 }","simulation_observations.last { name: Tair_z3 }","simulation_observations.last { name: Tair_z4 }","simulation_actions.last { name: Zona1_wall2_shade_FMU }","simulation_actions.last { name: Zona1_wall8_shade_FMU }","simulation_actions.last { name: Zona1_wall9_shade_FMU }","simulation_actions.last { name: Zona2_wall2_shade_FMU }","simulation_actions.last { name: Zona2_wall3_shade_FMU }","simulation_actions.last { name: Zona4_wall2_shade_FMU }","simulation_observations.last { name: DistrictCooling }","simulation_observations.last { name: DistrictHeating }","simulation_observations.last { name: Electricity }","simulation_observations.last { name: DNI }"
2024-12-31 13:00:00,,,,,,,,,,,,,,,
2025-01-01 01:00:00,,,,,,,,,,,,,,,
2025-01-01 13:00:00,,,,,,,,,,,,,,,
2025-01-02 01:00:00,,,,,,,,,,,,,,,
2025-01-02 13:00:00,,,,,,,,,,,,,,,
2025-01-03 01:00:00,,,,,,,,,,,,,,,
2025-01-03 13:00:00,,,,,,,,,,,,,,,
2025-01-04 01:00:00,0.767,18.3,16.8,18.3,18.0,0,0,0,0,0,0,0,8688,64347,0
2025-01-04 13:00:00,1.82,17.6,16.4,17.9,17.6,0,0,0,0,0,0,0,86876,87321,0
2025-01-05 01:00:00,4.60,20,20,20,20,0,0,0,0,0,0,0,599679,64347,0
2025-01-05 13:00:00,6.78,18.0,17.1,18.4,18.1,0,0,0,0,0,0,0,86876,87321,0
2025-01-06 01:00:00,8.02,20,20,20,20,0,0,0,0,0,0,0,511021,64347,0
2025-01-06 13:00:00,7.03,18.0,17.3,18.5,18.3,0,0,0,0,0,0,0,86876,87321,0
2025-01-07 01:00:00,6.03,20.5,18.3,18.5,19.0,0,0,0,0,0,0,0,8688,64347,374
2025-01-07 13:00:00,4.52,18.0,17.1,18.3,18.1,0,0,0,0,0,0,0,86876,87321,0
2025-01-08 01:00:00,5.87,18.1,17.3,18.5,18.2,0,0,0,0,0,0,0,8688,64347,0
2025-01-08 13:00:00,7.60,18.1,17.4,18.4,18.2,0,0,0,0,0,0,0,86876,87321,0
2025-01-09 01:00:00,7.15,18.2,17.5,18.5,18.3,0,0,0,0,0,0,0,8688,64347,0
2025-01-09 13:00:00,8.47,18.1,17.5,18.5,18.3,0,0,0,0,0,0,0,86876,87321,0
2025-01-10 01:00:00,10.7,18.4,17.9,18.6,18.5,0,0,0,0,0,0,0,8688,64347,0
2025-01-10 13:00:00,10.4,18.3,17.8,18.6,18.5,0,0,0,0,0,0,0,86876,87321,0
2025-01-11 01:00:00,10.6,19.1,18.3,18.7,18.8,0,0,0,0,0,0,0,8688,64347,62.7
2025-01-11 13:00:00,8.45,18.2,17.7,18.6,18.4,0,0,0,0,0,0,0,86876,87321,0
2025-01-12 01:00:00,9.58,21.5,20,20,20.0,0,0,0,0,0,0,0,153132,64347,406
2025-01-12 13:00:00,9.17,18.8,18.1,19.0,18.8,0,0,0,0,0,0,0,86876,87321,0
2025-01-13 01:00:00,10.9,20,20,20,20,0,0,0,0,0,0,0,309224,64347,0
2025-01-13 13:00:00,10.7,18.8,18.3,19.1,18.9,0,0,0,0,0,0,0,86876,87321,0
2025-01-14 01:00:00,9.55,18.9,18.4,19.0,18.9,0,0,0,0,0,0,0,8688,64347,0
2025-01-14 13:00:00,9.60,18.5,18.1,18.9,18.7,0,0,0,0,0,0,0,86876,87321,0
2025-01-15 01:00:00,12.6,19.0,18.6,19.0,19.0,0,0,0,0,0,0,0,8688,64347,0
2025-01-15 13:00:00,11.9,18.8,18.4,19.1,18.9,0,0,0,0,0,0,0,86876,87321,0
2025-01-16 01:00:00,10.4,18.7,18.3,19.0,18.8,0,0,0,0,0,0,0,8688,64347,0
2025-01-16 13:00:00,9.75,18.7,18.1,19.0,18.8,0,0,0,0,0,0,0,86876,87321,0
2025-01-17 01:00:00,12.1,21.7,19.5,19.1,19.9,0,0,0,0,0,0,0,8688,64347,449
2025-01-17 13:00:00,9.70,19.6,18.3,19.3,19.2,0,0,0,0,0,0,0,86876,87321,0
2025-01-18 01:00:00,3.60,19.0,17.9,19.1,18.8,0,0,0,0,0,0,0,8688,64347,0
2025-01-18 13:00:00,0.0833,18.3,17.1,18.5,18.2,0,0,0,0,0,0,0,86876,87321,0
2025-01-19 01:00:00,0.167,20,20,20,20,0,0,0,0,0,0,0,480273,64347,0
2025-01-19 13:00:00,1.52,18.2,17.1,18.5,18.2,0,0,0,0,0,0,0,86876,87321,0
2025-01-20 01:00:00,1.07,20.0,20,20,20,0,0,0,0,0,0,0,517869,64347,0
2025-01-20 13:00:00,1.43,17.9,17.0,18.4,18.1,0,0,0,0,0,0,0,86876,87321,0
2025-01-21 01:00:00,1.80,18.5,17.5,18.6,18.3,0,0,0,0,0,0,0,8688,64347,17
2025-01-21 13:00:00,0.350,17.5,16.6,18.1,17.7,0,0,0,0,0,0,0,86876,87321,0
2025-01-22 01:00:00,-0.200,20.0,17.9,18.3,18.7,0,0,0,0,0,0,0,8688,64347,317
2025-01-22 13:00:00,-1.85,17.6,16.4,18.0,17.7,0,0,0,0,0,0,0,86876,87321,0
2025-01-23 01:00:00,5.85,22.7,18.9,18.5,19.8,0,0,0,0,0,0,0,8688,64347,795
2025-01-23 13:00:00,6.52,19.5,17.4,18.8,18.7,0,0,0,0,0,0,0,86876,87321,0
2025-01-24 01:00:00,7.48,22.5,18.8,18.9,19.8,0,0,0,0,0,0,0,8688,64347,521
2025-01-24 13:00:00,7.52,20.0,17.7,19.1,19.0,0,0,0,0,0,0,0,86876,87321,0
2025-01-25 01:00:00,8.75,20.0,17.9,19.1,19.1,0,0,0,0,0,0,0,8688,64347,0
2025-01-25 13:00:00,8.10,19.3,17.7,18.9,18.7,0,0,0,0,0,0,0,86876,87321,0
2025-01-26 01:00:00,12.0,21.6,20,20,20.0,0,0,0,0,0,0,0,140870,64347,305
2025-01-26 13:00:00,12.1,20.3,18.6,19.5,19.5,0,0,0,0,0,0,0,86876,87321,0
2025-01-27 01:00:00,9.18,20.2,20,20,20,0,0,0,0,0,0,0,191250,64347,0
2025-01-27 13:00:00,7.33,19.2,18.0,19.1,18.9,0,0,0,0,0,0,0,86876,87321,0
2025-01-28 01:00:00,7.63,19.5,18.3,19.2,19.0,0,0,0,0,0,0,0,8688,64347,0
2025-01-28 13:00:00,5.85,18.7,17.7,18.8,18.6,0,0,0,0,0,0,0,86876,87321,0
2025-01-29 01:00:00,2.50,19.3,18.1,18.8,18.8,0,0,0,0,0,0,0,8688,64347,47
2025-01-29 13:00:00,1.32,18.0,17.1,18.4,18.1,0,0,0,0,0,0,0,86876,87321,0
2025-01-30 01:00:00,4.65,18.4,17.5,18.7,18.4,0,0,0,0,0,0,0,8688,64347,0
2025-01-30 13:00:00,8.40,18.7,17.7,18.8,18.5,0,0,0,0,0,0,0,86876,87321,0
2025-01-31 01:00:00,8.28,19.1,18.2,18.8,18.8,0,0,0,0,0,0,0,8688,64347,15.3
2025-01-31 13:00:00,8.02,18.5,17.7,18.7,18.5,0,0,0,0,0,0,0,86876,87321,0
2025-02-01 01:00:00,10.6,19.3,18.4,18.9,18.9,0,0,0,0,0,0,0,8688,64347,16
2025-02-01 13:00:00,10.1,18.7,18.1,18.9,18.7,0,0,0,0,0,0,0,86876,87321,0
2025-02-02 01:00:00,8.30,20,20,20,20,0,0,0,0,0,0,0,348577,64347,0
2025-02-02 13:00:00,7.43,18.4,17.8,18.8,18.6,0,0,0,0,0,0,0,86876,87321,0
2025-02-03 01:00:00,8.77,20,20,20,20,0,0,0,0,0,0,0,378224,64347,0
2025-02-03 13:00:00,8.60,18.4,18.0,18.9,18.7,0,0,0,0,0,0,0,86876,87321,0
2025-02-04 01:00:00,7.80,18.4,18.0,18.9,18.6,0,0,0,0,0,0,0,8688,64347,0
2025-02-04 13:00:00,7.10,18.0,17.6,18.6,18.3,0,0,0,0,0,0,0,86876,87321,0
2025-02-05 01:00:00,5.18,18.1,17.7,18.7,18.3,0,0,0,0,0,0,0,8688,64347,0
2025-02-05 13:00:00,4.45,18.0,17.3,18.5,18.2,0,0,0,0,0,0,0,86876,87321,0
2025-02-06 01:00:00,6.72,22.1,19.3,18.7,19.8,0,0,0,0,0,0,0,8688,64347,623
2025-02-06 13:00:00,3.87,18.4,17.4,18.6,18.4,0,0,0,0,0,0,0,86876,87321,0
2025-02-07 01:00:00,3.17,21.6,18.9,18.8,19.6,0,0,0,0,0,0,0,8688,64347,503
2025-02-07 13:00:00,1.17,19.0,17.1,18.7,18.5,0,0,0,0,0,0,0,86876,87321,0
2025-02-08 01:00:00,2.65,22.7,19.0,18.9,19.9,0,0,0,0,0,0,0,8688,64347,617
2025-02-08 13:00:00,1.45,19.4,17.1,18.8,18.6,0,0,0,0,0,0,0,86876,87321,0
2025-02-09 01:00:00,0.117,22.8,20,20,20.2,0,0,0,0,0,0,0,163060,64347,664
2025-02-09 13:00:00,-1.13,19.6,17.0,18.8,18.6,0,0,0,0,0,0,0,86876,87321,0
2025-02-10 01:00:00,0.833,20,20,20,20,0,0,0,0,0,0,0,283801,64347,0
2025-02-10 13:00:00,3.38,18.9,17.2,18.7,18.5,0,0,0,0,0,0,0,86876,87321,0
2025-02-11 01:00:00,4.85,19.3,17.6,18.9,18.7,0,0,0,0,0,0,0,8688,64347,0
2025-02-11 13:00:00,4.32,18.5,17.1,18.5,18.3,0,0,0,0,0,0,0,86876,87321,0
2025-02-12 01:00:00,4.17,22.5,19.1,18.7,20.0,0,0,0,0,0,0,0,8688,64347,623
2025-02-12 13:00:00,2.35,19.3,17.1,18.8,18.6,0,0,0,0,0,0,0,86876,87321,0
2025-02-13 01:00:00,5.42,23.3,19.4,19.0,20.4,0,0,0,0,0,0,0,8688,64347,604
2025-02-13 13:00:00,4.52,20.2,17.5,19.1,19.1,0,0,0,0,0,0,0,86876,87321,0
2025-02-14 01:00:00,7.05,23.3,19.4,19.3,20.5,0,0,0,0,0,0,0,8688,64347,478
2025-02-14 13:00:00,5.45,20.2,17.8,19.3,19.3,0,0,0,0,0,0,0,86876,87321,0
2025-02-15 01:00:00,7.60,22.0,20.1,19.5,21.2,0,0,0,0,0,0,0,8688,64347,799
2025-02-15 13:00:00,5.95,20.4,18.1,19.4,19.5,0,0,0,0,0,0,0,86876,87321,0
2025-02-16 01:00:00,4.88,20.2,20,20,20,0,0,0,0,0,0,0,194689,64347,0
2025-02-16 13:00:00,4.32,19.3,17.7,19.0,18.9,0,0,0,0,0,0,0,86876,87321,0
2025-02-17 01:00:00,7.90,20.1,20,20,20.0,0,0,0,0,0,0,0,152645,64347,0
2025-02-17 13:00:00,7.12,19.8,18.1,19.3,19.2,0,0,0,0,0,0,0,86876,87321,0
2025-02-18 01:00:00,7.58,20.5,18.8,19.4,19.6,0,0,0,0,0,0,0,8688,64347,95.7
2025-02-18 13:00:00,7.03,19.7,18.1,19.3,19.2,0,0,0,0,0,0,0,86876,87321,0
2025-02-19 01:00:00,6.50,19.7,18.2,19.3,19.1,0,0,0,0,0,0,0,8688,64347,0
2025-02-19 13:00:00,6.65,19.3,17.9,19.1,18.9,0,0,0,0,0,0,0,86876,87321,0
2025-02-20 01:00:00,10.2,22.2,20.5,19.4,21.3,7,7,7,0,0,0,0,17375,128694,849
2025-02-20 13:00:00,8.38,20.4,18.5,19.6,19.7,0,0,0,0,0,0,0,86876,87321,0
2025-02-21 01:00:00,8.83,23.8,20.4,19.7,21.2,0,0,0,0,0,0,0,8688,64347,486
2025-02-21 13:00:00,7.85,20.8,18.7,19.8,20.0,0,0,0,0,0,0,0,86876,87321,0
2025-02-22 01:00:00,9.33,21.0,19.1,19.9,20.1,0,0,0,0,0,0,0,8688,64347,4.33
2025-02-22 13:00:00,10.0,20.8,18.9,19.9,20.0,0,0,0,0,0,0,0,86876,87321,0
2025-02-23 01:00:00,11.0,21.4,20.0,20.1,20.3,0,0,0,0,0,0,0,69501,64347,51
2025-02-23 13:00:00,10.2,20.7,19.0,20.0,20.0,0,0,0,0,0,0,0,86876,87321,0
2025-02-24 01:00:00,11.4,20.7,20,20.1,20.0,0,0,0,0,0,0,0,85274,64347,0
2025-02-24 13:00:00,10.2,20.3,19.0,19.9,19.9,0,0,0,0,0,0,0,86876,87321,0
2025-02-25 01:00:00,8.78,20.3,19.0,19.9,19.8,0,0,0,0,0,0,0,8688,64347,0
2025-02-25 13:00:00,8.43,19.9,18.6,19.6,19.5,0,0,0,0,0,0,0,86876,87321,0
2025-02-26 01:00:00,12.6,22.5,21.1,20.0,21.7,7,7,7,0,0,0,0,17375,128694,605
2025-02-26 13:00:00,11.9,21.4,19.5,20.4,20.6,0,0,0,0,0,0,0,86876,87321,0
2025-02-27 01:00:00,8.98,21.0,19.4,20.2,20.3,0,0,0,0,0,0,0,8688,64347,0
2025-02-27 13:00:00,7.38,20.5,18.9,20.0,19.9,0,0,0,0,0,0,0,86876,87321,0
2025-02-28 01:00:00,8.95,22.0,20.1,20.2,20.9,0,0,0,0,0,0,0,8688,64347,0
2025-02-28 13:00:00,6.95,20.6,18.8,20.0,20.0,0,0,0,0,0,0,0,86876,87321,0
2025-03-01 01:00:00,6.58,20.8,19.3,20.1,20.1,0,0,0,0,0,0,0,8688,64347,0
2025-03-01 13:00:00,5.43,19.7,18.3,19.6,19.4,0,0,0,0,0,0,0,86876,87321,0
2025-03-02 01:00:00,3.38,20.1,20,20,20,0,0,0,0,0,0,0,147194,64347,0
2025-03-02 13:00:00,2.70,18.9,17.9,19.2,18.9,0,0,0,0,0,0,0,86876,87321,0
2025-03-03 01:00:00,6.28,21.4,20,20,20.0,0,0,0,0,0,0,0,186027,128694,546
2025-03-03 13:00:00,6.13,19.5,18.2,19.4,19.2,0,0,0,0,0,0,0,86876,87321,0
2025-03-04 01:00:00,5.23,23.4,20.6,19.6,21.2,0,0,0,0,0,0,0,8688,64347,439
2025-03-04 13:00:00,3.13,19.8,18.2,19.5,19.5,0,0,0,0,0,0,0,86876,87321,0
2025-03-05 01:00:00,5.80,21.0,19.5,19.7,20.1,0,0,0,0,0,0,0,8688,64347,40
2025-03-05 13:00:00,6.87,19.8,18.4,19.5,19.5,0,0,0,0,0,0,0,86876,87321,0
2025-03-06 01:00:00,7.28,19.9,18.7,19.6,19.5,0,0,0,0,0,0,0,8688,64347,0
2025-03-06 13:00:00,6.82,19.2,18.1,19.2,19.0,0,0,0,0,0,0,0,86876,87321,0
2025-03-07 01:00:00,7.05,20.0,19.0,19.4,19.5,0,0,0,0,0,0,0,8688,64347,3.67
2025-03-07 13:00:00,6.63,19.4,18.1,19.3,19.1,0,0,0,0,0,0,0,86876,87321,0
2025-03-08 01:00:00,9.78,22.7,21.2,19.7,21.8,0,0,0,0,0,0,0,26063,193041,641
2025-03-08 13:00:00,7.72,20.2,18.8,19.8,19.9,0,0,0,0,0,0,0,86876,87321,0
2025-03-09 01:00:00,9.62,21.8,20.2,20.1,20.8,0,0,0,0,0,0,0,69501,64347,85
2025-03-09 13:00:00,8.93,20.9,19.1,20.1,20.3,0,0,0,0,0,0,0,86876,87321,0
2025-03-10 01:00:00,12.0,23.6,21.0,20.2,21.7,0,0,0,0,0,0,0,69501,64347,355
2025-03-10 13:00:00,10.7,21.2,19.6,20.5,20.8,0,0,0,0,0,0,0,86876,87321,0
2025-03-11 01:00:00,12.6,22.5,22.2,20.7,23.0,7,7,7,0,0,0,0,8688,64347,808
2025-03-11 13:00:00,10.1,21.2,20.0,20.7,21.1,0,0,0,0,0,0,0,86876,87321,0
2025-03-12 01:00:00,9.97,22.0,20.9,20.8,21.5,0,0,0,0,0,0,0,8688,64347,2
2025-03-12 13:00:00,8.17,21.2,19.7,20.7,20.8,0,0,0,0,0,0,0,86876,87321,0
2025-03-13 01:00:00,10.0,22.7,22.4,20.9,23.1,7,7,7,0,0,0,0,8688,64347,950
2025-03-13 13:00:00,7.73,21.0,19.8,20.7,21.0,0,0,0,0,0,0,0,86876,87321,0
2025-03-14 01:00:00,7.77,22.5,21.0,20.8,21.5,0,0,0,0,0,0,0,8688,64347,134
2025-03-14 13:00:00,7.42,20.9,19.6,20.6,20.7,0,0,0,0,0,0,0,86876,87321,0
2025-03-15 01:00:00,12.1,22.6,22.1,20.9,22.7,7,7,7,0,0,0,0,8688,64347,821
2025-03-15 13:00:00,10.8,21.3,20.2,21.0,21.2,0,0,0,0,0,0,0,86876,87321,0
2025-03-16 01:00:00,13.3,22.3,22.7,21.1,23.4,7,7,7,0,0,0,0,69501,64347,823
2025-03-16 13:00:00,10.0,21.3,20.5,21.2,21.5,0,0,0,0,0,0,0,86876,87321,0
2025-03-17 01:00:00,11.2,22.1,23.0,21.2,22.0,7,7,7,0,0,7,0,69501,64347,948
2025-03-17 13:00:00,10.2,21.3,20.8,21.3,21.5,0,0,0,0,0,0,0,86876,87321,0
2025-03-18 01:00:00,16.0,23.0,23.2,21.6,23.4,7,7,7,0,0,0,0,8688,64347,783
2025-03-18 13:00:00,15.3,22.1,21.7,21.9,22.2,0,0,0,0,0,0,0,86876,87321,0
2025-03-19 01:00:00,17.0,23.0,22.6,22.0,22.8,7,7,7,7,7,7,0,8688,64347,762
2025-03-19 13:00:00,16.6,22.5,22.0,22.2,22.4,0,0,0,0,0,0,0,86876,87321,0
2025-03-20 01:00:00,15.6,22.6,22.2,22.1,22.4,0,0,0,0,0,0,0,8688,64347,0
2025-03-20 13:00:00,13.7,22.1,21.6,22.0,22.1,0,0,0,0,0,0,0,86876,87321,0
2025-03-21 01:00:00,15.1,22.9,22.5,22.2,22.7,7,7,7,7,7,7,0,8688,64347,260
2025-03-21 13:00:00,13.2,22.1,21.6,22.1,22.1,0,0,0,0,0,0,0,86876,87321,0
2025-03-22 01:00:00,13.1,22.2,21.8,22.1,22.1,0,0,0,0,0,0,0,8688,64347,0
2025-03-22 13:00:00,12.2,21.6,21.1,21.8,21.7,0,0,0,0,0,0,0,86876,87321,0
2025-03-23 01:00:00,12.9,23.0,22.2,21.7,22.3,0,0,0,0,0,0,0,69501,64347,137
2025-03-23 13:00:00,10.2,21.8,21.0,21.8,21.8,0,0,0,0,0,0,0,86876,87321,0
2025-03-24 01:00:00,10.2,23.4,22.3,21.6,22.5,0,0,0,0,0,0,0,69501,64347,197
2025-03-24 13:00:00,9.17,21.6,21.0,21.8,21.8,0,0,0,0,0,0,0,86876,87321,0
2025-03-25 01:00:00,13.3,23.1,22.9,22.1,23.0,7,7,7,7,7,7,0,8688,64347,515
2025-03-25 13:00:00,10.6,21.8,21.2,21.9,21.9,0,0,0,0,0,0,0,86876,87321,0
2025-03-26 01:00:00,10.8,23.2,22.6,22.0,22.7,0,0,0,0,0,0,0,8688,64347,80.3
2025-03-26 13:00:00,10.6,21.8,21.3,22.0,22.0,0,0,0,0,0,0,0,86876,87321,0
2025-03-27 01:00:00,13.8,22.8,22.3,22.2,22.6,7,7,7,7,7,7,0,8688,64347,102
2025-03-27 13:00:00,10.0,21.9,21.3,22.0,22.0,0,0,0,0,0,0,0,86876,87321,0
2025-03-28 01:00:00,10.3,22.9,23.3,22.2,23.5,7,7,7,0,0,0,0,8688,64347,303
2025-03-28 13:00:00,7.40,21.4,21.2,21.9,22.0,0,0,0,0,0,0,0,86876,87321,0
2025-03-29 01:00:00,8.83,22.9,23.2,22.0,23.2,7,7,7,0,0,0,0,8688,64347,280
2025-03-29 13:00:00,7.07,21.2,21.1,21.7,21.8,0,0,0,0,0,0,0,86876,87321,0
2025-03-30 01:00:00,8.77,22.4,22.1,21.5,22.2,0,0,0,0,0,0,0,69501,64347,124
2025-03-30 14:00:00,8.73,21.7,21.1,21.8,21.8,0,0,0,0,0,0,0,86876,87321,0
2025-03-31 02:00:00,10.2,22.2,21.8,21.8,22.2,0,0,0,0,0,0,0,69501,76137,20.3
2025-03-31 14:00:00,12.4,19.0,18.5,19.7,19.6,0,0,0,0,0,0,0,86876,58950,0
2025-04-01 02:00:00,16.8,20.9,20.5,20.0,20.9,0,0,0,0,0,0,0,8688,76137,54
2025-04-01 14:00:00,14.3,19.2,18.7,19.4,19.6,0,0,0,0,0,0,0,86876,58950,0
2025-04-02 02:00:00,14.2,20.3,19.4,18.8,19.9,0,0,0,0,0,0,0,8688,76137,349
2025-04-02 14:00:00,11.4,17.9,17.3,18.1,18.3,0,0,0,0,0,0,0,86876,58950,0
2025-04-03 02:00:00,12.1,19.1,18.0,17.6,18.6,0,0,0,0,0,0,0,8688,76137,343
2025-04-03 14:00:00,10.5,17.0,16.3,17.1,17.2,0,0,0,0,0,0,0,86876,58950,0
2025-04-04 02:00:00,13.7,19.3,18.2,17.4,18.6,0,0,0,0,0,0,0,8688,76137,359
2025-04-04 14:00:00,11.7,17.5,16.6,17.3,17.5,0,0,0,0,0,0,0,86876,58950,0
2025-04-05 02:00:00,12.1,19.8,17.7,16.9,18.5,0,0,0,0,0,0,0,8688,76137,799
2025-04-05 14:00:00,9.58,16.7,15.4,16.4,16.6,0,0,0,0,0,0,0,86876,58950,0
2025-04-06 02:00:00,12.9,19.8,17.7,16.8,18.4,0,0,0,0,0,0,0,69501,76137,706
2025-04-06 14:00:00,11.0,17.2,15.8,16.6,16.9,0,0,0,0,0,0,0,86876,58950,0
2025-04-07 02:00:00,13.2,19.9,17.8,16.8,18.5,0,0,0,0,0,0,0,69501,76137,634
2025-04-07 14:00:00,10.8,17.2,15.7,16.6,16.9,0,0,0,0,0,0,0,86876,58950,0
2025-04-08 02:00:00,13.7,20.5,18.0,16.9,18.7,0,0,0,0,0,0,0,8688,76137,836
2025-04-08 14:00:00,10.6,17.2,15.6,16.6,16.9,0,0,0,0,0,0,0,86876,58950,0
2025-04-09 02:00:00,11.9,19.8,17.2,16.3,18.2,0,0,0,0,0,0,0,8688,76137,813
2025-04-09 14:00:00,10.4,17.0,15.3,16.2,16.5,0,0,0,0,0,0,0,86876,58950,0
2025-04-10 02:00:00,14.7,19.0,17.5,17.0,17.9,0,0,0,0,0,0,0,8688,76137,128
2025-04-10 14:00:00,13.6,18.1,16.7,17.3,17.6,0,0,0,0,0,0,0,86876,58950,0
2025-04-11 02:00:00,12.7,18.8,17.2,16.6,17.8,0,0,0,0,0,0,0,8688,76137,287
2025-04-11 14:00:00,12.1,17.1,15.9,16.6,16.8,0,0,0,0,0,0,0,86876,58950,0
2025-04-12 02:00:00,18.8,21.2,20.6,18.6,20.5,0,0,0,0,0,0,0,8688,76137,330
2025-04-12 14:00:00,16.0,19.3,18.3,18.5,19.0,0,0,0,0,0,0,0,86876,58950,0
2025-04-13 02:00:00,12.8,18.1,17.2,17.2,17.7,0,0,0,0,0,0,0,69501,76137,61.7
2025-04-13 14:00:00,10.1,16.3,15.4,16.3,16.4,0,0,0,0,0,0,0,86876,58950,0
2025-04-14 02:00:00,11.1,16.4,15.8,15.9,16.2,0,0,0,0,0,0,0,69501,76137,15
2025-04-14 14:00:00,8.62,14.9,14.3,15.2,15.1,0,0,0,0,0,0,0,86876,58950,0
2025-04-15 02:00:00,9.62,15.7,15.1,14.8,15.4,0,0,0,0,0,0,0,8688,76137,148
2025-04-15 14:00:00,7.18,13.8,13.6,14.1,14.1,0,0,0,0,0,0,0,86876,58950,0
2025-04-16 02:00:00,8.68,15.1,14.6,14.1,15.0,0,0,0,0,0,0,0,8688,76137,65.7
2025-04-16 14:00:00,6.33,13.6,13.5,13.7,13.7,0,0,0,0,0,0,0,347503,235800,0
2025-04-17 02:00:00,11.6,17.0,15.8,14.5,16.0,0,0,0,0,0,0,0,8688,76137,646
2025-04-17 14:00:00,9.47,14.6,13.9,14.4,14.7,0,0,0,0,0,0,0,86876,58950,0
2025-04-18 02:00:00,10.5,15.6,15.0,14.3,15.2,0,0,0,0,0,0,0,8688,76137,141
2025-04-18 14:00:00,7.60,13.6,13.5,13.7,13.8,0,0,0,0,0,0,0,86876,58950,0
2025-04-19 02:00:00,8.68,15.0,14.2,13.8,14.5,0,0,0,0,0,0,0,8688,76137,398
2025-04-19 14:00:00,7.27,13.8,13.6,13.8,13.9,0,0,0,0,0,0,0,347503,235800,0
2025-04-20 02:00:00,10.2,15.3,14.7,13.9,14.8,0,0,0,0,0,0,0,69501,76137,173
2025-04-20 14:00:00,8.28,13.6,13.5,13.7,13.8,0,0,0,0,0,0,0,86876,58950,0
2025-04-21 02:00:00,11.3,16.9,15.6,14.3,15.9,0,0,0,0,0,0,0,69501,76137,715
2025-04-21 14:00:00,10.5,14.9,14.2,14.6,14.9,0,0,0,0,0,0,0,86876,58950,0
2025-04-22 02:00:00,16.4,19.6,18.5,16.4,18.4,0,0,0,0,0,0,0,17375,152274,755
2025-04-22 14:00:00,15.0,17.7,17.1,17.2,17.3,0,0,0,0,0,0,0,86876,58950,0
2025-04-23 02:00:00,16.4,19.1,18.4,17.5,18.6,0,0,0,0,0,0,0,8688,76137,271
2025-04-23 14:00:00,14.5,17.8,17.0,17.2,17.6,0,0,0,0,0,0,0,86876,58950,0
2025-04-24 02:00:00,12.6,16.8,16.2,16.2,16.5,0,0,0,0,0,0,0,8688,76137,1.67
2025-04-24 14:00:00,11.6,15.8,15.3,15.8,15.8,0,0,0,0,0,0,0,86876,58950,0
2025-04-25 02:00:00,15.0,17.3,17.2,17.0,17.1,0,0,0,0,0,0,0,17375,152274,12.3
2025-04-25 14:00:00,13.7,16.6,16.2,16.5,16.6,0,0,0,0,0,0,0,86876,58950,0
2025-04-26 02:00:00,13.7,17.9,17.1,16.3,17.2,0,0,0,0,0,0,0,8688,76137,328
2025-04-26 14:00:00,12.3,16.4,15.8,16.2,16.4,0,0,0,0,0,0,0,86876,58950,0
2025-04-27 02:00:00,17.8,20.3,19.9,18.2,19.7,0,0,0,0,0,0,0,139001,152274,468
2025-04-27 14:00:00,16.7,19.0,18.5,18.6,18.8,0,0,0,0,0,0,0,86876,58950,0
2025-04-28 02:00:00,19.4,22.2,21.4,19.5,21.3,0,0,0,0,0,0,0,69501,76137,545
2025-04-28 14:00:00,16.8,19.6,19.0,19.1,19.5,0,0,0,0,0,0,0,86876,58950,0
2025-04-29 02:00:00,20.7,22.9,22.5,20.2,22.2,0,0,0,0,0,0,0,8688,76137,343
2025-04-29 14:00:00,18.6,20.7,20.7,20.4,20.6,0,0,0,0,0,0,0,173751,117900,0
2025-04-30 02:00:00,19.8,21.6,21.7,20.8,21.4,0,0,0,0,0,0,0,8688,76137,7.33
2025-04-30 14:00:00,17.0,20.3,19.8,20.1,20.3,0,0,0,0,0,0,0,86876,58950,0
2025-05-01 02:00:00,12.6,18.4,18.1,18.4,18.8,0,0,0,0,0,0,0,8688,76137,0
2025-05-01 14:00:00,11.2,17.2,16.8,17.6,17.6,0,0,0,0,0,0,0,86876,58950,0
2025-05-02 02:00:00,14.9,18.3,18.2,18.1,18.3,0,0,0,0,0,0,0,8688,76137,1.33
2025-05-02 14:00:00,14.6,18.0,17.7,18.1,18.1,0,0,0,0,0,0,0,86876,58950,0
2025-05-03 02:00:00,17.3,21.3,20.3,19.2,20.6,0,0,0,0,0,0,0,8688,76137,888
2025-05-03 14:00:00,14.7,18.8,18.4,18.7,19.0,0,0,0,0,0,0,0,86876,58950,0
2025-05-04 02:00:00,19.3,22.2,21.8,20.7,21.9,0,0,0,0,0,0,0,69501,76137,173
2025-05-04 14:00:00,15.8,19.8,19.4,19.6,20.1,0,0,0,0,0,0,0,86876,58950,0
2025-05-05 02:00:00,16.5,20.0,19.9,19.4,20.0,0,0,0,0,0,0,0,69501,76137,14.3
2025-05-05 14:00:00,15.1,19.1,18.8,19.1,19.3,0,0,0,0,0,0,0,86876,58950,0
2025-05-06 02:00:00,17.1,20.2,20.1,19.4,20.1,0,0,0,0,0,0,0,8688,76137,29.7
2025-05-06 14:00:00,16,19.6,19.3,19.5,19.8,0,0,0,0,0,0,0,86876,58950,0
2025-05-07 02:00:00,18.4,22.0,21.4,20.3,21.4,0,0,0,0,0,0,0,8688,76137,510
2025-05-07 14:00:00,16.8,20.4,19.9,20.2,20.5,0,0,0,0,0,0,0,86876,58950,0
2025-05-08 02:00:00,19.8,22.2,21.8,21.4,21.8,0,0,0,0,0,0,0,8688,76137,148
2025-05-08 14:00:00,18.5,21.3,20.9,21.0,21.3,0,0,0,0,0,0,0,86876,58950,0
2025-05-09 02:00:00,19.3,21.9,21.6,21.4,21.5,0,0,0,0,0,0,0,8688,76137,122
2025-05-09 14:00:00,19.3,21.7,21.5,21.5,21.7,0,0,0,0,0,0,0,86876,58950,0
2025-05-10 02:00:00,17.9,21.7,21.4,20.7,21.3,0,0,0,0,0,0,0,8688,76137,159
2025-05-10 14:00:00,16.4,20.4,20.1,20.5,20.6,0,0,0,0,0,0,0,86876,58950,0
2025-05-11 02:00:00,18.0,21.1,21.0,20.8,21.1,0,0,0,0,0,0,0,69501,76137,1.33
2025-05-11 14:00:00,17.4,20.7,20.5,20.8,20.9,0,0,0,0,0,0,0,86876,58950,0
2025-05-12 02:00:00,20.1,23.3,23.1,21.9,23.1,0,0,0,0,0,0,0,69501,76137,143
2025-05-12 14:00:00,18.7,21.7,21.5,21.5,21.9,0,0,0,0,0,0,0,86876,58950,0
2025-05-13 02:00:00,22.5,24.2,24.1,22.9,23.6,0,0,0,0,0,0,0,8688,76137,1
2025-05-13 14:00:00,21.3,23.4,23.3,23.3,23.4,0,0,0,0,0,0,0,86876,58950,0
2025-05-14 02:00:00,21.0,23.6,23.5,23.1,23.3,0,0,0,0,0,0,0,8688,76137,110
2025-05-14 14:00:00,19.4,22.3,22.2,22.4,22.5,0,0,0,0,0,0,0,86876,58950,0
2025-05-15 02:00:00,24.1,24.9,24.9,23.7,24.5,7,7,7,7,7,7,0,8688,76137,133
2025-05-15 14:00:00,21.8,24.1,23.6,23.7,23.7,0,0,0,0,0,0,0,86876,58950,0
2025-05-16 02:00:00,22.5,24.6,24.7,24.1,24.2,7,7,7,7,7,7,0,8688,76137,187
2025-05-16 14:00:00,18.1,22.1,22.0,22.4,22.5,0,0,0,0,0,0,0,86876,58950,0
2025-05-17 02:00:00,20.0,23.8,23.4,22.5,23.3,0,0,0,0,0,0,0,8688,76137,476
2025-05-17 14:00:00,17.6,21.8,21.7,22.1,22.2,0,0,0,0,0,0,0,86876,58950,0
2025-05-18 02:00:00,20.3,23.2,23.1,22.6,23.1,7,7,7,7,7,7,0,69501,76137,807
2025-05-18 14:00:00,15.6,21.0,20.9,21.5,21.5,0,0,0,0,0,0,0,86876,58950,0
2025-05-19 02:00:00,17.1,23.3,22.6,21.4,23.0,0,0,0,0,0,0,0,69501,76137,919
2025-05-19 14:00:00,13.8,20.4,20.0,20.7,20.9,0,0,0,0,0,0,0,86876,58950,0
2025-05-20 02:00:00,18.8,23.6,23.2,21.7,22.5,0,0,0,0,0,7,0,8688,76137,355
2025-05-20 14:00:00,14.8,20.6,20.3,20.8,21.0,0,0,0,0,0,0,0,86876,58950,0
2025-05-21 02:00:00,16.4,22.2,21.8,20.7,22.0,0,0,0,0,0,0,0,8688,76137,444
2025-05-21 14:00:00,13.7,20.0,19.7,20.2,20.4,0,0,0,0,0,0,0,86876,58950,0
2025-05-22 02:00:00,14.8,20.2,20.1,19.9,20.3,0,0,0,0,0,0,0,8688,76137,15.3
2025-05-22 14:00:00,13,18.9,18.7,19.3,19.3,0,0,0,0,0,0,0,86876,58950,0
2025-05-23 02:00:00,14.7,20.4,20.2,19.3,20.3,0,0,0,0,0,0,0,8688,76137,377
2025-05-23 14:00:00,11.9,18.1,17.9,18.6,18.6,0,0,0,0,0,0,0,86876,58950,0
2025-05-24 02:00:00,12.9,18.3,18.3,18.2,18.5,0,0,0,0,0,0,0,8688,76137,13
2025-05-24 14:00:00,11.4,17.1,17.0,17.7,17.6,0,0,0,0,0,0,0,86876,58950,0
2025-05-25 02:00:00,16.4,20.5,20.5,18.9,20.5,0,0,0,0,0,0,0,69501,76137,140
2025-05-25 14:00:00,11.3,17.5,17.4,17.9,18.2,0,0,0,0,0,0,0,86876,58950,0
2025-05-26 02:00:00,15.0,20.4,20.0,18.5,20.3,0,0,0,0,0,0,0,69501,76137,910
2025-05-26 14:00:00,11.4,17.6,17.4,17.9,18.2,0,0,0,0,0,0,0,86876,58950,0
2025-05-27 02:00:00,16.1,21.0,20.5,18.8,20.8,0,0,0,0,0,0,0,8688,76137,961
2025-05-27 14:00:00,12.0,18.1,17.8,18.3,18.6,0,0,0,0,0,0,0,86876,58950,0
2025-05-28 02:00:00,11.9,18.3,18.2,17.5,18.4,0,0,0,0,0,0,0,8688,76137,127
2025-05-28 14:00:00,9.40,16.4,16.2,16.9,17.0,0,0,0,0,0,0,0,86876,58950,0
2025-05-29 02:00:00,11.7,18.8,18.2,17.0,18.7,0,0,0,0,0,0,0,8688,76137,883
2025-05-29 14:00:00,8.60,15.9,15.6,16.3,16.5,0,0,0,0,0,0,0,86876,58950,0
2025-05-30 02:00:00,12.7,17.4,17.4,16.8,17.3,0,0,0,0,0,0,0,8688,76137,25.3
2025-05-30 14:00:00,12.4,16.8,16.7,16.9,17.1,0,0,0,0,0,0,0,86876,58950,0
2025-05-31 02:00:00,17.2,19.8,19.9,19.1,19.9,0,0,0,0,0,0,0,8688,76137,15
2025-05-31 14:00:00,13.5,17.8,17.7,17.9,18.2,0,0,0,0,0,0,0,86876,58950,0
2025-06-01 02:00:00,16.0,20.3,20.0,18.5,20.1,0,0,0,0,0,0,0,69501,76137,618
2025-06-01 14:00:00,13.2,18.1,17.9,18.2,18.5,0,0,0,0,0,0,0,86876,58950,0
2025-06-02 02:00:00,16.6,21.0,20.6,19.0,20.7,0,0,0,0,0,0,0,69501,76137,711
2025-06-02 14:00:00,14.4,18.9,18.7,18.9,19.3,0,0,0,0,0,0,0,86876,58950,0
2025-06-03 02:00:00,16.5,20.0,20.0,19.1,19.9,0,0,0,0,0,0,0,8688,76137,33.3
2025-06-03 14:00:00,15.6,19.2,19.1,19.2,19.4,0,0,0,0,0,0,0,86876,58950,0
2025-06-04 02:00:00,20.8,22.8,22.9,21.1,22.7,0,0,0,0,0,0,0,8688,76137,90.7
2025-06-04 14:00:00,17.1,20.5,20.5,20.4,20.9,0,0,0,0,0,0,0,86876,58950,0
2025-06-05 02:00:00,18.0,20.8,20.9,20.3,20.9,0,0,0,0,0,0,0,8688,76137,11
2025-06-05 14:00:00,15.8,19.7,19.7,19.9,20.1,0,0,0,0,0,0,0,86876,58950,0
2025-06-06 02:00:00,19.1,22.7,22.3,21.0,22.4,0,0,0,0,0,0,0,8688,76137,655
2025-06-06 14:00:00,15.7,20.3,20.2,20.4,20.8,0,0,0,0,0,0,0,86876,58950,0
2025-06-07 02:00:00,17.3,22.3,22.0,20.5,22.2,0,0,0,0,0,0,0,8688,76137,636
2025-06-07 14:00:00,15.7,20.4,20.2,20.4,20.8,0,0,0,0,0,0,0,86876,58950,0
2025-06-08 02:00:00,20.0,23.0,22.9,21.9,22.7,0,0,0,0,0,0,0,69501,76137,206
2025-06-08 14:00:00,18.5,21.8,21.6,21.7,22.0,0,0,0,0,0,0,0,86876,58950,0
2025-06-09 02:00:00,19.3,22.7,22.6,21.6,22.4,0,0,0,0,0,0,0,69501,76137,125
2025-06-09 14:00:00,17.2,21.3,21.2,21.4,21.6,0,0,0,0,0,0,0,86876,58950,0
2025-06-10 02:00:00,19.0,23.4,23.2,21.7,23.3,0,0,0,0,0,0,0,8688,76137,552
2025-06-10 14:00:00,18.2,21.9,21.7,21.8,22.2,0,0,0,0,0,0,0,86876,58950,0
2025-06-11 02:00:00,25.3,25.0,25.0,23.6,24.6,7,7,7,7,7,7,0,8688,76137,461
2025-06-11 14:00:00,22.2,24.2,24.2,24.2,24.1,0,0,0,0,0,0,0,173751,117900,0
2025-06-12 02:00:00,18.9,23.6,23.1,22.1,23.2,0,0,0,0,0,0,0,8688,76137,853
2025-06-12 14:00:00,15.4,21.0,20.7,21.3,21.4,0,0,0,0,0,0,0,86876,58950,0
2025-06-13 02:00:00,18.8,23.7,23.3,21.9,22.8,0,0,0,0,0,7,0,8688,76137,861
2025-06-13 14:00:00,15.3,20.9,20.9,21.3,21.4,0,0,0,0,0,0,0,86876,58950,0
2025-06-14 02:00:00,17.9,23.4,23.1,21.6,23.4,0,0,0,0,0,0,0,8688,76137,915
2025-06-14 14:00:00,15.2,21.0,20.9,21.2,21.6,0,0,0,0,0,0,0,86876,58950,0
2025-06-15 02:00:00,19.5,24.0,23.7,22.1,23.8,0,0,0,0,0,0,0,69501,76137,611
2025-06-15 14:00:00,17.8,21.9,21.9,22.0,22.4,0,0,0,0,0,0,0,86876,58950,0
2025-06-16 02:00:00,20.4,23.7,23.8,22.6,23.6,0,0,0,0,0,0,0,69501,76137,301
2025-06-16 14:00:00,20.7,23.1,23.1,23.0,23.3,0,0,0,0,0,0,0,86876,58950,0
2025-06-17 02:00:00,22.0,24.1,24.2,24.0,24.2,0,0,0,0,0,0,0,17375,152274,90
2025-06-17 14:00:00,20.2,23.0,23.1,23.2,23.4,0,0,0,0,0,0,0,86876,58950,0
2025-06-18 02:00:00,16.9,21.6,21.7,21.8,21.9,0,0,0,0,0,0,0,8688,76137,11
2025-06-18 14:00:00,15.3,20.5,20.6,21.1,21.1,0,0,0,0,0,0,0,86876,58950,0
2025-06-19 02:00:00,19.7,23.5,23.2,21.9,23.0,0,0,0,0,0,0,0,8688,76137,711
2025-06-19 14:00:00,18.2,21.8,21.8,22.0,22.1,0,0,0,0,0,0,0,86876,58950,0
2025-06-20 02:00:00,21.1,23.4,23.2,23.1,23.2,7,7,7,7,7,7,0,8688,76137,624
2025-06-20 14:00:00,18.4,22.0,21.9,22.2,22.3,0,0,0,0,0,0,0,86876,58950,0
2025-06-21 02:00:00,18.5,21.9,22.0,21.8,22.0,0,0,0,0,0,0,0,8688,76137,10.3
2025-06-21 14:00:00,20.4,22.7,22.7,22.7,22.5,0,0,0,0,0,0,0,173751,117900,0
2025-06-22 02:00:00,24.9,25.0,25.1,24.0,24.5,0,0,0,0,0,0,0,69501,76137,37
2025-06-22 14:00:00,22.9,24.8,24.8,24.3,24.6,0,0,0,0,0,0,0,86876,58950,0
2025-06-23 02:00:00,27.7,25.7,25.8,24.8,25.3,7,7,7,7,7,7,0,69501,76137,639
2025-06-23 14:00:00,25.5,25.7,25.7,25.2,25.4,0,0,0,0,0,0,0,86876,58950,0
2025-06-24 02:00:00,27.2,26.2,26.4,25.3,25.9,0,0,0,0,0,0,0,8688,76137,55
2025-06-24 14:00:00,23.7,25.6,25.7,25.6,25.7,0,0,0,0,0,0,0,173751,117900,0
2025-06-25 02:00:00,25.2,26.6,26.8,25.6,26.2,0,0,0,0,0,0,0,8688,76137,13.3
2025-06-25 14:00:00,23.2,25.1,25.1,25.3,25.2,0,0,0,0,0,0,0,86876,58950,0
2025-06-26 02:00:00,22.3,24.7,24.8,24.5,24.7,0,0,0,0,0,0,0,8688,76137,24.7
2025-06-26 14:00:00,21.1,24.0,24.0,24.3,24.3,0,0,0,0,0,0,0,86876,58950,0
2025-06-27 02:00:00,22.4,24.7,24.5,24.4,24.5,7,7,7,7,7,7,0,17375,152274,223
2025-06-27 14:00:00,19.8,23.3,23.3,23.8,23.7,0,0,0,0,0,0,0,86876,58950,0
2025-06-28 02:00:00,21.8,24.1,24.1,24.0,24.1,7,7,7,7,7,7,0,8688,76137,154
2025-06-28 14:00:00,19.0,22.9,22.8,23.3,23.2,0,0,0,0,0,0,0,86876,58950,0
2025-06-29 02:00:00,18.1,22.4,22.5,22.6,22.6,0,0,0,0,0,0,0,69501,76137,5
2025-06-29 14:00:00,16.2,21.2,21.1,21.8,21.6,0,0,0,0,0,0,0,86876,58950,0
2025-06-30 02:00:00,15.7,20.7,20.8,21.1,21.0,0,0,0,0,0,0,0,69501,76137,15.3
2025-06-30 14:00:00,18.8,21.7,21.7,21.9,21.9,0,0,0,0,0,0,0,86876,58950,0
2025-07-01 02:00:00,24.3,24.7,24.7,23.7,24.2,7,7,7,7,7,7,0,8688,76137,383
2025-07-01 14:00:00,22.9,24.8,24.8,24.3,24.5,0,0,0,0,0,0,0,86876,58950,0
2025-07-02 02:00:00,25.0,25.4,25.5,24.5,24.9,0,0,0,0,0,0,0,8688,76137,11.3
2025-07-02 14:00:00,22.0,24.1,24.1,24.1,24.2,0,0,0,0,0,0,0,86876,58950,0
2025-07-03 02:00:00,18.9,23.1,23.3,22.9,23.4,0,0,0,0,0,0,0,8688,76137,21.7
2025-07-03 14:00:00,15.6,21.2,21.2,21.9,21.8,0,0,0,0,0,0,0,86876,58950,0
2025-07-04 02:00:00,18.1,23.7,23.5,22.1,22.7,0,0,0,0,0,7,0,8688,76137,838
2025-07-04 14:00:00,15.4,21.0,21.1,21.5,21.5,0,0,0,0,0,0,0,86876,58950,0
2025-07-05 02:00:00,20.5,23.4,23.3,22.6,23.2,7,7,7,7,7,7,0,8688,76137,658
2025-07-05 14:00:00,20.3,22.9,22.9,22.9,23.1,0,0,0,0,0,0,0,86876,58950,0
2025-07-06 02:00:00,24.6,25.3,25.5,24.5,24.9,7,7,7,7,7,7,0,69501,76137,101
2025-07-06 14:00:00,21.7,23.8,23.9,23.8,24.0,0,0,0,0,0,0,0,86876,58950,0
2025-07-07 02:00:00,20.5,23.6,23.4,23.3,23.5,7,7,7,7,7,7,0,69501,76137,183
2025-07-07 14:00:00,18.1,22.2,22.1,22.6,22.5,0,0,0,0,0,0,0,86876,58950,0
2025-07-08 02:00:00,25.0,25.4,25.5,24.4,24.9,7,7,7,7,7,7,0,8688,76137,960
2025-07-08 14:00:00,22.8,24.6,24.8,24.8,24.7,0,0,0,0,0,0,0,173751,117900,0
2025-07-09 02:00:00,25.8,25.9,25.9,25.0,25.5,7,7,7,7,7,7,0,8688,76137,750
2025-07-09 14:00:00,24.1,25.9,25.8,25.4,25.6,0,0,0,0,0,0,0,86876,58950,0
2025-07-10 02:00:00,27.4,26.6,26.7,25.8,26.2,7,7,7,7,7,7,0,8688,76137,95.7
2025-07-10 14:00:00,25.2,26.7,26.7,26.2,26.5,0,0,0,0,0,0,0,86876,58950,0
2025-07-11 02:00:00,24.2,26.3,26.2,26.1,26.4,7,7,7,7,7,7,0,8688,76137,117
2025-07-11 14:00:00,21.3,24.5,24.4,24.8,24.8,0,0,0,0,0,0,0,86876,58950,0
2025-07-12 02:00:00,22.8,24.8,24.9,25.0,24.9,7,7,7,7,7,7,0,17375,152274,101
2025-07-12 14:00:00,17.7,22.8,22.8,23.4,23.3,0,0,0,0,0,0,0,86876,58950,0
2025-07-13 02:00:00,18.3,23.3,23.0,23.0,23.2,7,7,7,7,7,7,0,69501,76137,645
2025-07-13 14:00:00,16.2,21.6,21.6,22.2,22.1,0,0,0,0,0,0,0,86876,58950,0
2025-07-14 02:00:00,23.3,25.5,25.4,24.6,25.1,7,7,7,7,7,7,0,69501,76137,483
2025-07-14 14:00:00,20.4,23.3,23.3,23.6,23.6,0,0,0,0,0,0,0,86876,58950,0
2025-07-15 02:00:00,17.8,22.0,22.1,22.4,22.3,0,0,0,0,0,0,0,8688,76137,0
2025-07-15 14:00:00,17.0,21.2,21.2,21.8,21.6,0,0,0,0,0,0,0,86876,58950,0
2025-07-16 02:00:00,20.9,23.1,23.2,22.9,23.2,0,0,0,0,0,0,0,17375,152274,17
2025-07-16 14:00:00,18.5,21.9,21.9,22.3,22.2,0,0,0,0,0,0,0,86876,58950,0
2025-07-17 02:00:00,16.9,21.6,21.7,21.4,21.8,0,0,0,0,0,0,0,8688,76137,40.3
2025-07-17 14:00:00,15.2,20.3,20.2,20.9,20.8,0,0,0,0,0,0,0,86876,58950,0
2025-07-18 02:00:00,18.2,21.7,21.8,21.3,21.6,0,0,0,0,0,0,0,8688,76137,30.3
2025-07-18 14:00:00,17.8,21.1,21.1,21.4,21.4,0,0,0,0,0,0,0,86876,58950,0
2025-07-19 02:00:00,21.8,23.8,23.7,23.1,23.9,7,7,7,7,7,0,0,8688,76137,556
2025-07-19 14:00:00,19.4,22.2,22.2,22.3,22.5,0,0,0,0,0,0,0,86876,58950,0
2025-07-20 02:00:00,20.5,23.2,23.1,22.6,23.1,0,0,0,0,0,0,0,69501,76137,33
2025-07-20 14:00:00,17.6,21.6,21.5,21.9,22.0,0,0,0,0,0,0,0,86876,58950,0
2025-07-21 02:00:00,23.8,25.0,25.0,23.9,24.5,7,7,7,7,7,7,0,69501,76137,184
2025-07-21 14:00:00,20.4,22.9,22.9,23.0,23.1,0,0,0,0,0,0,0,86876,58950,0
2025-07-22 02:00:00,23.9,25.1,25.1,24.1,24.7,7,7,7,7,7,7,0,8688,76137,884
2025-07-22 14:00:00,21.9,23.8,23.7,23.9,23.8,0,0,0,0,0,0,0,86876,58950,0
2025-07-23 02:00:00,26.3,25.6,25.6,24.7,25.2,7,7,7,7,7,7,0,8688,76137,626
2025-07-23 14:00:00,25.9,25.8,25.8,25.2,25.5,0,0,0,0,0,0,0,86876,58950,0
2025-07-24 02:00:00,31.2,26.4,26.4,25.5,26.0,7,7,7,7,7,7,0,8688,76137,306
2025-07-24 14:00:00,29.1,26.7,26.7,26.1,26.3,0,0,0,0,0,0,0,86876,58950,0
2025-07-25 02:00:00,28.9,27.0,27.0,26.2,26.6,7,7,7,7,7,7,0,8688,76137,533
2025-07-25 14:00:00,25.6,26.7,26.7,26.4,26.5,0,0,0,0,0,0,0,86876,58950,0
2025-07-26 02:00:00,27.1,27.1,27.1,26.3,26.7,7,7,7,7,7,7,0,8688,76137,792
2025-07-26 14:00:00,23.1,25.2,25.2,25.4,25.4,0,0,0,0,0,0,0,86876,58950,0
2025-07-27 02:00:00,23.1,25.4,25.4,25.1,25.1,7,7,7,7,7,7,0,139001,152274,507
2025-07-27 14:00:00,19.8,23.7,23.6,24.2,24.0,0,0,0,0,0,0,0,86876,58950,0
2025-07-28 02:00:00,20.1,24.3,24.3,23.8,24.3,0,0,0,0,0,0,0,69501,76137,75
2025-07-28 14:00:00,18.7,23.0,22.9,23.5,23.4,0,0,0,0,0,0,0,86876,58950,0
2025-07-29 02:00:00,20.9,24.0,24.2,23.7,24.0,0,0,0,0,0,0,0,8688,76137,23.7
2025-07-29 14:00:00,18.8,22.9,22.9,23.3,23.3,0,0,0,0,0,0,0,86876,58950,0
2025-07-30 02:00:00,19.6,23.4,23.3,23.1,23.4,7,7,7,7,7,7,0,8688,76137,563
2025-07-30 14:00:00,18.1,22.2,22.2,22.7,22.6,0,0,0,0,0,0,0,86876,58950,0
2025-07-31 02:00:00,23.7,25.4,25.5,24.5,25.0,7,7,7,7,7,7,0,8688,76137,243
2025-07-31 14:00:00,20.7,23.4,23.4,23.6,23.6,0,0,0,0,0,0,0,86876,58950,0
2025-08-01 02:00:00,20.6,23.9,23.9,23.3,23.8,0,0,0,0,0,0,0,8688,76137,90
2025-08-01 14:00:00,19.1,22.6,22.6,23.0,23.0,0,0,0,0,0,0,0,86876,58950,0
2025-08-02 02:00:00,24.7,25.5,25.5,24.6,25.1,7,7,7,7,7,7,0,8688,76137,754
2025-08-02 14:00:00,22.6,24.6,24.6,24.5,24.6,0,0,0,0,0,0,0,173751,117900,0
2025-08-03 02:00:00,23.6,25.5,25.7,25.1,25.3,0,0,0,0,0,0,0,139001,152274,27
2025-08-03 14:00:00,19.5,23.1,23.1,23.6,23.5,0,0,0,0,0,0,0,86876,58950,0
2025-08-04 02:00:00,21.7,24.0,24.0,23.8,24.0,7,7,7,7,7,7,0,69501,76137,560
2025-08-04 14:00:00,19.4,22.9,22.8,23.3,23.2,0,0,0,0,0,0,0,86876,58950,0
2025-08-05 02:00:00,22.4,24.4,24.5,24.4,24.4,7,7,7,7,7,7,0,17375,152274,202
2025-08-05 14:00:00,20.7,23.4,23.3,23.6,23.6,0,0,0,0,0,0,0,86876,58950,0
2025-08-06 02:00:00,22.9,25.0,24.8,24.8,25.1,7,7,7,7,7,7,0,8688,76137,323
2025-08-06 14:00:00,21.2,23.6,23.6,23.9,23.8,0,0,0,0,0,0,0,86876,58950,0
2025-08-07 02:00:00,24.9,25.7,25.7,25.0,25.3,7,7,7,7,7,7,0,8688,76137,578
2025-08-07 14:00:00,22.9,24.9,24.9,24.8,24.9,0,0,0,0,0,0,0,173751,117900,0
2025-08-08 02:00:00,26.1,26.1,26.1,25.4,25.7,7,7,7,7,7,7,0,8688,76137,715
2025-08-08 14:00:00,23.2,25.0,24.9,25.2,25.1,0,0,0,0,0,0,0,86876,58950,0
2025-08-09 02:00:00,25.4,26.2,26.2,25.5,25.8,7,7,7,7,7,7,0,8688,76137,684
2025-08-09 14:00:00,23.3,25.2,25.4,25.1,25.1,0,0,0,0,0,0,0,86876,58950,0
2025-08-10 02:00:00,28.1,26,26,26.0,26,7,7,7,7,7,7,206870,69501,76137,802
2025-08-10 14:00:00,26.6,26.7,26.6,26.3,26.4,0,0,0,0,0,0,0,86876,58950,0
2025-08-11 02:00:00,30.3,26,26,26,26,7,7,7,7,7,7,423981,69501,76137,150
2025-08-11 14:00:00,25.9,27.0,26.9,26.6,26.7,0,0,0,0,0,0,0,86876,58950,0
2025-08-12 02:00:00,26.6,27.1,27.1,26.6,26.8,7,7,7,7,7,7,0,8688,76137,181
2025-08-12 14:00:00,22.6,25.1,25.0,25.3,25.3,0,0,0,0,0,0,0,86876,58950,0
2025-08-13 02:00:00,25.1,26.8,26.8,26.3,26.5,7,7,7,7,7,7,0,8688,76137,163
2025-08-13 14:00:00,20.8,24.2,24.2,24.7,24.6,0,0,0,0,0,0,0,86876,58950,0
2025-08-14 02:00:00,20.1,24.1,24.1,24.0,24.0,7,7,7,7,7,7,0,8688,76137,124
2025-08-14 14:00:00,18.4,22.9,22.8,23.4,23.3,0,0,0,0,0,0,0,86876,58950,0
2025-08-15 02:00:00,21.1,24.1,24.2,23.7,24.0,0,0,0,0,0,0,0,8688,76137,42.3
2025-08-15 14:00:00,21.8,24.1,24.0,24.2,24.2,0,0,0,0,0,0,0,86876,58950,0
2025-08-16 02:00:00,24.2,26.0,25.9,25.3,25.5,7,7,7,7,7,7,0,8688,76137,450
2025-08-16 14:00:00,21.0,23.8,23.7,24.1,24.0,0,0,0,0,0,0,0,86876,58950,0
2025-08-17 02:00:00,20.9,24.0,23.9,23.8,23.9,0,0,0,0,0,0,0,69501,76137,86.0
2025-08-17 14:00:00,19.2,22.9,22.8,23.4,23.2,0,0,0,0,0,0,0,86876,58950,0
2025-08-18 02:00:00,19.8,24.0,23.8,23.2,23.9,7,7,7,0,0,0,0,69501,76137,266
2025-08-18 14:00:00,18.1,22.2,22.2,22.8,22.7,0,0,0,0,0,0,0,86876,58950,0
2025-08-19 02:00:00,21.2,23.6,23.5,23.3,23.6,7,7,7,7,7,7,0,8688,76137,453
2025-08-19 14:00:00,19.2,22.5,22.5,22.9,22.9,0,0,0,0,0,0,0,86876,58950,0
2025-08-20 02:00:00,23.0,24.8,24.7,24.4,24.8,7,7,7,7,7,7,0,17375,152274,589
2025-08-20 14:00:00,21,23.4,23.3,23.6,23.6,0,0,0,0,0,0,0,86876,58950,0
2025-08-21 02:00:00,23.9,25.5,25.4,24.6,25.1,7,7,7,7,7,7,0,8688,76137,773
2025-08-21 14:00:00,20.9,23.5,23.4,23.7,23.7,0,0,0,0,0,0,0,86876,58950,0
2025-08-22 02:00:00,18.9,22.5,22.5,22.7,22.7,0,0,0,0,0,0,0,8688,76137,2.33
2025-08-22 14:00:00,18.0,21.9,21.8,22.4,22.2,0,0,0,0,0,0,0,86876,58950,0
2025-08-23 02:00:00,21.4,23.7,23.7,23.5,23.6,0,0,0,0,0,0,0,17375,152274,27
2025-08-23 14:00:00,19.5,22.6,22.5,22.9,22.9,0,0,0,0,0,0,0,86876,58950,0
2025-08-24 02:00:00,16.9,21.3,21.3,21.7,21.6,0,0,0,0,0,0,0,69501,76137,47.0
2025-08-24 14:00:00,17.3,21.4,21.2,21.7,21.6,0,0,0,0,0,0,0,86876,58950,0
2025-08-25 02:00:00,18.3,22.0,21.9,21.6,21.8,0,0,0,0,0,0,0,69501,76137,132
2025-08-25 14:00:00,18.5,21.8,21.5,21.9,21.8,0,0,0,0,0,0,0,86876,58950,0
2025-08-26 02:00:00,20.4,22.9,23.4,22.3,23.3,7,7,7,0,0,0,0,8688,76137,209
2025-08-26 14:00:00,16.5,20.9,20.8,21.4,21.4,0,0,0,0,0,0,0,86876,58950,0
2025-08-27 02:00:00,17.3,22.6,22.1,21.2,22.4,0,0,0,0,0,0,0,8688,76137,417
2025-08-27 14:00:00,15.5,20.6,20.3,20.8,20.9,0,0,0,0,0,0,0,86876,58950,0
2025-08-28 02:00:00,18.5,21.8,21.6,21.2,21.6,0,0,0,0,0,0,0,8688,76137,18.7
2025-08-28 14:00:00,17.8,21.1,20.9,21.2,21.2,0,0,0,0,0,0,0,86876,58950,0
2025-08-29 02:00:00,19.5,22.0,22.0,21.6,22.0,0,0,0,0,0,0,0,8688,76137,25
2025-08-29 14:00:00,17.9,21.1,21.0,21.3,21.4,0,0,0,0,0,0,0,86876,58950,0
2025-08-30 02:00:00,17.6,20.8,20.8,20.8,20.9,0,0,0,0,0,0,0,8688,76137,2
2025-08-30 14:00:00,15.9,19.8,19.7,20.3,20.1,0,0,0,0,0,0,0,86876,58950,0
2025-08-31 02:00:00,18.3,22.5,21.8,20.7,21.8,0,0,0,0,0,0,0,69501,76137,353
2025-08-31 14:00:00,15.9,20.2,19.8,20.3,20.4,0,0,0,0,0,0,0,86876,58950,0
2025-09-01 02:00:00,18.0,21.6,21.2,20.6,21.2,0,0,0,0,0,0,0,69501,76137,219
2025-09-01 14:00:00,15.8,20.1,19.7,20.2,20.3,0,0,0,0,0,0,0,86876,58950,0
2025-09-02 02:00:00,17.2,22.6,21.2,20.2,21.5,0,0,0,0,0,0,0,8688,76137,636
2025-09-02 14:00:00,14.6,20.0,19.2,19.9,20.0,0,0,0,0,0,0,0,86876,58950,0
2025-09-03 02:00:00,18.6,23.2,21.7,20.8,21.9,0,0,0,0,0,0,0,17375,152274,588
2025-09-03 14:00:00,15.7,20.6,19.7,20.3,20.5,0,0,0,0,0,0,0,86876,58950,0
2025-09-04 02:00:00,17.5,23.2,21.4,20.4,21.8,0,0,0,0,0,0,0,8688,76137,707
2025-09-04 14:00:00,14.8,20.4,19.3,20.1,20.3,0,0,0,0,0,0,0,86876,58950,0
2025-09-05 02:00:00,18.3,23.7,21.7,20.6,22.2,0,0,0,0,0,0,0,8688,76137,737
2025-09-05 14:00:00,15.6,20.5,19.7,20.3,20.5,0,0,0,0,0,0,0,86876,58950,0
2025-09-06 02:00:00,17.9,23.4,21.6,20.5,22.1,0,0,0,0,0,0,0,8688,76137,621
2025-09-06 14:00:00,17.9,21.6,20.6,21.0,21.3,0,0,0,0,0,0,0,86876,58950,0
2025-09-07 02:00:00,23.6,24.8,23.8,22.7,23.7,0,0,0,0,0,0,0,69501,76137,20
2025-09-07 14:00:00,21.4,23.4,23.1,23.2,23.5,0,0,0,0,0,0,0,86876,58950,0
2025-09-08 02:00:00,23.6,24.9,24.3,23.4,24.2,7,7,7,7,7,7,0,69501,76137,458
2025-09-08 14:00:00,19.0,22.3,21.8,22.2,22.3,0,0,0,0,0,0,0,86876,58950,0
2025-09-09 02:00:00,16.3,22.6,21.5,20.9,22.0,0,0,0,0,0,0,0,8688,76137,415
2025-09-09 14:00:00,13.0,19.9,19.0,20.1,20.1,0,0,0,0,0,0,0,86876,58950,0
2025-09-10 02:00:00,16.8,23.0,21.3,20.4,21.8,0,0,0,0,0,0,0,8688,76137,674
2025-09-10 14:00:00,14.4,20.3,19.3,20.1,20.3,0,0,0,0,0,0,0,86876,58950,0
2025-09-11 02:00:00,15.5,21.5,20.4,19.9,21.0,0,0,0,0,0,0,0,8688,76137,138
2025-09-11 14:00:00,13.3,19.6,18.6,19.5,19.6,0,0,0,0,0,0,0,86876,58950,0
2025-09-12 02:00:00,14.6,20.6,19.7,19.3,20.2,0,0,0,0,0,0,0,8688,76137,134
2025-09-12 14:00:00,13.1,19.0,18.1,18.9,19.0,0,0,0,0,0,0,0,86876,58950,0
2025-09-13 02:00:00,15.4,19.6,19.0,19.1,19.5,0,0,0,0,0,0,0,8688,76137,0
2025-09-13 14:00:00,14.5,19.1,18.4,19.0,19.0,0,0,0,0,0,0,0,86876,58950,0
2025-09-14 02:00:00,15.9,21.8,20.0,19.1,20.5,0,0,0,0,0,0,0,69501,76137,739
2025-09-14 14:00:00,15.1,19.6,18.6,19.2,19.4,0,0,0,0,0,0,0,86876,58950,0
2025-09-15 02:00:00,18.7,21.0,20.9,20.5,20.9,0,0,0,0,0,0,0,69501,76137,7.67
2025-09-15 14:00:00,17.6,20.3,19.7,20.1,20.2,0,0,0,0,0,0,0,86876,58950,0
2025-09-16 02:00:00,17.6,22.9,20.9,19.8,21.4,0,0,0,0,0,0,0,8688,76137,904
2025-09-16 14:00:00,14.8,19.8,18.7,19.5,19.7,0,0,0,0,0,0,0,86876,58950,0
2025-09-17 02:00:00,18.9,23.9,21.6,20.7,22.1,0,0,0,0,0,0,0,8688,76137,937
2025-09-17 14:00:00,17.3,20.8,20.0,20.4,20.7,0,0,0,0,0,0,0,86876,58950,0
2025-09-18 02:00:00,19.3,24.0,21.8,21.3,22.2,0,0,0,0,0,0,0,8688,76137,702
2025-09-18 14:00:00,20.8,22.6,22.6,22.3,22.8,0,0,0,0,0,0,0,86876,58950,0
2025-09-19 02:00:00,23.7,24.0,23.2,22.6,23.2,0,0,0,0,0,0,0,8688,76137,0.667
2025-09-19 14:00:00,23.0,24.2,23.4,23.1,23.5,0,0,0,0,0,0,0,86876,58950,0
2025-09-20 02:00:00,25.5,24.8,23.9,23.3,23.9,7,7,7,7,7,7,0,8688,76137,964
2025-09-20 14:00:00,23.8,24.8,24.0,23.7,24.1,0,0,0,0,0,0,0,86876,58950,0
2025-09-21 02:00:00,20.8,22.9,22.9,22.8,22.8,0,0,0,0,0,0,0,69501,76137,0
2025-09-21 14:00:00,19.4,22.0,21.7,22.1,22.1,0,0,0,0,0,0,0,86876,58950,0
2025-09-22 02:00:00,18.7,22.0,21.7,21.6,21.9,0,0,0,0,0,0,0,69501,76137,22.3
2025-09-22 14:00:00,16.0,20.5,20.1,20.8,20.7,0,0,0,0,0,0,0,86876,58950,0
2025-09-23 02:00:00,14.4,20.3,19.7,19.7,20.1,0,0,0,0,0,0,0,8688,76137,120
2025-09-23 14:00:00,14.7,19.3,18.9,19.6,19.5,0,0,0,0,0,0,0,86876,58950,0
2025-09-24 02:00:00,18.2,20.6,20.4,20.3,20.4,0,0,0,0,0,0,0,8688,76137,3
2025-09-24 14:00:00,18.1,20.4,20.2,20.4,20.4,0,0,0,0,0,0,0,86876,58950,0
2025-09-25 02:00:00,18.9,21.3,21.0,21.0,21.1,0,0,0,0,0,0,0,17375,152274,189
2025-09-25 14:00:00,19.2,21.4,21.2,21.2,21.2,0,0,0,0,0,0,0,86876,58950,0
2025-09-26 02:00:00,21,23.3,22.9,22.0,22.8,0,0,0,0,0,0,0,8688,76137,187
2025-09-26 14:00:00,18.8,21.4,21.0,21.3,21.4,0,0,0,0,0,0,0,86876,58950,0
2025-09-27 02:00:00,17.8,21.0,20.7,20.6,20.8,0,0,0,0,0,0,0,8688,76137,30.7
2025-09-27 14:00:00,17.2,20.4,20.0,20.5,20.4,0,0,0,0,0,0,0,86876,58950,0
2025-09-28 02:00:00,20.2,22.3,22.3,21.9,22.0,0,0,0,0,0,0,0,69501,76137,84.7
2025-09-28 14:00:00,20.0,22.1,21.9,22.0,21.9,0,0,0,0,0,0,0,173751,117900,0
2025-09-29 02:00:00,21.1,23.1,22.8,22.5,22.8,0,0,0,0,0,0,0,139001,152274,14.3
2025-09-29 14:00:00,19.4,21.6,21.3,21.6,21.7,0,0,0,0,0,0,0,86876,58950,0
2025-09-30 02:00:00,17.5,21.3,20.9,20.7,21.0,0,0,0,0,0,0,0,8688,76137,102
2025-09-30 14:00:00,16.4,21.9,21.5,21.7,21.7,0,0,0,0,0,0,0,86876,58950,0
2025-10-01 02:00:00,20.3,23.3,22.9,22.3,22.6,0,0,0,0,0,0,0,8688,76137,60.0
2025-10-01 14:00:00,20.7,23.3,22.9,22.8,22.9,0,0,0,0,0,0,0,86876,58950,0
2025-10-02 02:00:00,19.1,24.1,23.6,22.8,23.3,0,0,0,0,0,0,0,8688,76137,43
2025-10-02 14:00:00,16.8,23.1,22.7,22.9,22.9,0,0,0,0,0,0,0,86876,58950,0
2025-10-03 02:00:00,21.0,23.9,23.6,23.2,23.5,7,7,7,7,7,7,0,8688,76137,316
2025-10-03 14:00:00,18.4,23.4,23.1,23.2,23.2,0,0,0,0,0,0,0,86876,58950,0
2025-10-04 02:00:00,18.7,23.9,23.6,23.4,23.6,7,7,7,7,7,7,0,8688,76137,172
2025-10-04 14:00:00,15.5,23.0,22.7,23.1,23.0,0,0,0,0,0,0,0,86876,58950,0
2025-10-05 02:00:00,18.5,23.9,23.5,23.4,23.6,7,7,7,7,7,7,0,69501,76137,683
2025-10-05 14:00:00,16.3,23.2,22.8,23.2,23.1,0,0,0,0,0,0,0,86876,58950,0
2025-10-06 02:00:00,19.8,24.1,23.7,23.6,23.8,7,7,7,7,7,7,0,69501,76137,772
2025-10-06 14:00:00,17.4,23.4,23.0,23.4,23.3,0,0,0,0,0,0,0,86876,58950,0
2025-10-07 02:00:00,17.1,23.9,23.6,23.6,23.6,0,0,0,0,0,0,0,8688,76137,0
2025-10-07 14:00:00,15.3,23.1,22.7,23.2,23.1,0,0,0,0,0,0,0,86876,58950,0
2025-10-08 02:00:00,16.0,23.7,23.3,23.5,23.4,0,0,0,0,0,0,0,8688,76137,2.33
2025-10-08 14:00:00,15.0,23.0,22.6,23.2,23.0,0,0,0,0,0,0,0,86876,58950,0
2025-10-09 02:00:00,16.3,23.7,23.3,23.5,23.5,7,7,7,7,7,7,0,8688,76137,167
2025-10-09 14:00:00,13.2,22.7,22.3,22.9,22.8,0,0,0,0,0,0,0,86876,58950,0
2025-10-10 02:00:00,16.6,23.7,23.3,23.4,23.5,7,7,7,7,7,7,0,8688,76137,594
2025-10-10 14:00:00,14.3,22.7,22.3,22.9,22.8,0,0,0,0,0,0,0,86876,58950,0
2025-10-11 02:00:00,16.0,23.5,23.2,23.3,23.3,0,0,0,0,0,0,0,8688,76137,1.33
2025-10-11 14:00:00,14.7,22.7,22.3,22.9,22.8,0,0,0,0,0,0,0,86876,58950,0
2025-10-12 02:00:00,12.8,22.4,22.1,22.8,22.5,0,0,0,0,0,0,0,69501,76137,0
2025-10-12 14:00:00,12.0,21.9,21.5,22.4,22.1,0,0,0,0,0,0,0,86876,58950,0
2025-10-13 02:00:00,13.3,23.7,22.8,22.5,23.0,0,0,0,0,0,0,0,69501,76137,98.3
2025-10-13 14:00:00,11.7,22.2,21.7,22.4,22.3,0,0,0,0,0,0,0,86876,58950,0
2025-10-14 02:00:00,13.1,22.5,22.0,22.7,22.4,0,0,0,0,0,0,0,8688,76137,0
2025-10-14 14:00:00,13.3,22.2,21.6,22.3,22.2,0,0,0,0,0,0,0,86876,58950,0
2025-10-15 02:00:00,7.60,22.3,21.7,22.3,22.1,0,0,0,0,0,0,0,8688,76137,92.3
2025-10-15 14:00:00,6.63,21.3,20.5,21.7,21.4,0,0,0,0,0,0,0,86876,58950,0
2025-10-16 02:00:00,12.1,22.6,21.9,22.1,22.1,0,0,0,0,0,0,0,8688,76137,24
2025-10-16 14:00:00,11.5,21.6,20.9,21.8,21.6,0,0,0,0,0,0,0,86876,58950,0
2025-10-17 02:00:00,11.0,22.8,22.7,22.0,23.0,7,7,7,0,0,0,0,8688,76137,728
2025-10-17 14:00:00,9.30,21.2,20.5,21.5,21.3,0,0,0,0,0,0,0,86876,58950,0
2025-10-18 02:00:00,12.3,22.5,21.7,21.8,21.9,0,0,0,0,0,0,0,8688,76137,42.7
2025-10-18 14:00:00,12.5,21.5,20.8,21.5,21.4,0,0,0,0,0,0,0,86876,58950,0
2025-10-19 02:00:00,15.3,23.6,22.2,21.8,22.4,0,0,0,0,0,0,0,69501,76137,212
2025-10-19 14:00:00,12.8,21.7,21.0,21.7,21.7,0,0,0,0,0,0,0,86876,58950,0
2025-10-20 02:00:00,13.0,22.7,22.4,21.8,22.7,7,7,7,0,0,0,0,69501,76137,504
2025-10-20 14:00:00,10.8,21.5,20.8,21.6,21.6,0,0,0,0,0,0,0,86876,58950,0
2025-10-21 02:00:00,14.0,22.9,22.7,22.0,23.0,7,7,7,0,0,0,0,8688,76137,531
2025-10-21 14:00:00,13.9,21.9,21.3,21.8,22.0,0,0,0,0,0,0,0,86876,58950,0
2025-10-22 02:00:00,14.4,22.3,21.8,22.1,22.1,0,0,0,0,0,0,0,8688,76137,0
2025-10-22 14:00:00,14.7,21.7,21.2,21.7,21.7,0,0,0,0,0,0,0,86876,58950,0
2025-10-23 02:00:00,17.4,22.8,22.3,22.0,22.3,0,0,0,0,0,0,0,8688,76137,22.3
2025-10-23 14:00:00,16.1,22.1,21.6,22.0,22.0,0,0,0,0,0,0,0,86876,58950,0
2025-10-24 02:00:00,16.0,22.7,22.2,22.1,22.3,0,0,0,0,0,0,0,8688,76137,14.3
2025-10-24 14:00:00,14.1,21.9,21.3,21.9,21.8,0,0,0,0,0,0,0,86876,58950,0
2025-10-25 02:00:00,13.9,22.8,23.1,22.2,22.6,7,7,7,0,0,7,0,8688,76137,498
2025-10-25 14:00:00,10.3,21.5,21.1,21.7,21.6,0,0,0,0,0,0,0,86876,58950,0
2025-10-26 02:00:00,11.8,22.4,22.8,21.8,23.2,7,7,7,0,0,0,0,69501,76137,811
2025-10-26 13:00:00,9.27,21.3,21.0,21.6,21.7,0,0,0,0,0,0,0,86876,58950,0
2025-10-27 01:00:00,9.38,23.5,21.8,21.5,22.1,0,0,0,0,0,0,0,69501,76137,377
2025-10-27 13:00:00,9.98,21.4,20.7,21.5,21.5,0,0,0,0,0,0,0,86876,58950,0
2025-10-28 01:00:00,14.3,23.5,22.3,21.9,22.5,7,7,7,0,0,0,0,17375,128694,437
2025-10-28 13:00:00,16.2,22.2,21.6,22.1,22.1,0,0,0,0,0,0,0,86876,87321,0
2025-10-29 01:00:00,16.2,22.2,21.7,22.0,22.0,0,0,0,0,0,0,0,8688,64347,0
2025-10-29 13:00:00,15.6,21.9,21.4,22.0,21.8,0,0,0,0,0,0,0,86876,87321,0
2025-10-30 01:00:00,16.2,22.8,22.8,22.0,23.0,7,7,7,0,0,0,0,8688,64347,629
2025-10-30 13:00:00,13.1,21.7,21.3,21.9,21.9,0,0,0,0,0,0,0,86876,87321,0
2025-10-31 01:00:00,13.3,22.8,22.8,22.0,23.2,7,7,7,0,0,0,0,8688,64347,636
2025-10-31 13:00:00,11.3,21.6,21.2,21.8,21.8,0,0,0,0,0,0,0,86876,87321,0
2025-11-01 01:00:00,14.3,23.8,22.5,22.1,22.8,0,0,0,0,0,0,0,8688,64347,117
2025-11-01 13:00:00,12.5,21.9,21.3,22.0,22.0,0,0,0,0,0,0,0,86876,87321,0
2025-11-02 01:00:00,14.5,22.9,22.0,21.9,22.2,0,0,0,0,0,0,0,69501,64347,73.7
2025-11-02 13:00:00,13.1,22.0,21.3,22.0,21.9,0,0,0,0,0,0,0,86876,87321,0
2025-11-03 01:00:00,13.9,22.6,21.7,21.9,22.0,0,0,0,0,0,0,0,69501,64347,114
2025-11-03 13:00:00,14.3,22.3,21.4,22.1,22.0,0,0,0,0,0,0,0,86876,87321,0
2025-11-04 01:00:00,14.6,22.2,21.4,22.1,21.9,0,0,0,0,0,0,0,8688,64347,0
2025-11-04 13:00:00,14.1,21.8,21.0,21.8,21.6,0,0,0,0,0,0,0,86876,87321,0
2025-11-05 01:00:00,16.3,22.8,22.5,22.0,22.8,7,7,7,0,0,0,0,8688,64347,434
2025-11-05 13:00:00,14.7,22.0,21.3,22.0,21.9,0,0,0,0,0,0,0,86876,87321,0
2025-11-06 01:00:00,14,23.1,22.0,21.9,22.3,0,0,0,0,0,0,0,8688,64347,87.7
2025-11-06 13:00:00,11.3,21.7,20.8,21.7,21.6,0,0,0,0,0,0,0,86876,87321,0
2025-11-07 01:00:00,13.4,23.6,22.0,21.9,22.4,0,0,0,0,0,0,0,8688,64347,156
2025-11-07 13:00:00,10.9,21.7,20.7,21.7,21.5,0,0,0,0,0,0,0,86876,87321,0
2025-11-08 01:00:00,12.7,22.7,22.4,21.9,22.9,7,7,7,0,0,0,0,8688,64347,388
2025-11-08 13:00:00,9.63,21.4,20.5,21.5,21.4,0,0,0,0,0,0,0,86876,87321,0
2025-11-09 01:00:00,10.0,21.4,20.7,21.2,21.2,0,0,0,0,0,0,0,69501,64347,3
2025-11-09 13:00:00,8.92,20.8,20.0,21.0,20.8,0,0,0,0,0,0,0,86876,87321,0
2025-11-10 01:00:00,9.45,20.6,20.0,20.8,20.6,0,0,0,0,0,0,0,69501,64347,0
2025-11-10 13:00:00,9.30,20.3,19.6,20.6,20.3,0,0,0,0,0,0,0,86876,87321,0
2025-11-11 01:00:00,9.88,20.4,19.8,20.7,20.4,0,0,0,0,0,0,0,8688,64347,0
2025-11-11 13:00:00,9.20,19.8,19.2,20.3,19.9,0,0,0,0,0,0,0,86876,87321,0
2025-11-12 01:00:00,10.6,20.0,19.5,20.4,20.0,0,0,0,0,0,0,0,8688,64347,0
2025-11-12 13:00:00,11.1,20.2,19.3,20.3,20.0,0,0,0,0,0,0,0,86876,87321,0
2025-11-13 01:00:00,10,20.1,19.4,20.3,19.9,0,0,0,0,0,0,0,8688,64347,0
2025-11-13 13:00:00,9.23,19.9,18.9,20.0,19.7,0,0,0,0,0,0,0,86876,87321,0
2025-11-14 01:00:00,9.57,19.9,19.0,20.1,19.7,0,0,0,0,0,0,0,8688,64347,0
2025-11-14 13:00:00,10.7,20.1,18.9,20.0,19.7,0,0,0,0,0,0,0,86876,87321,0
2025-11-15 01:00:00,13.3,23.7,20.5,20.1,20.9,0,0,0,0,0,0,0,8688,64347,476
2025-11-15 13:00:00,11.2,20.6,19.2,20.2,20.1,0,0,0,0,0,0,0,86876,87321,0
2025-11-16 01:00:00,13.8,22.9,20.2,20.2,20.6,0,0,0,0,0,0,0,69501,64347,368
2025-11-16 13:00:00,11.4,20.7,19.3,20.3,20.1,0,0,0,0,0,0,0,86876,87321,0
2025-11-17 01:00:00,8.62,20.1,20,20.0,20.1,0,0,0,0,0,0,0,100057,64347,0
2025-11-17 13:00:00,6.85,19.9,18.6,19.8,19.5,0,0,0,0,0,0,0,86876,87321,0
2025-11-18 01:00:00,7.93,20.2,19.1,19.9,19.7,0,0,0,0,0,0,0,8688,64347,0
2025-11-18 13:00:00,6.52,19.3,18.3,19.5,19.2,0,0,0,0,0,0,0,86876,87321,0
2025-11-19 01:00:00,4.68,20.0,18.8,19.6,19.4,0,0,0,0,0,0,0,8688,64347,2
2025-11-19 13:00:00,4.58,18.8,17.9,19.1,18.8,0,0,0,0,0,0,0,86876,87321,0
2025-11-20 01:00:00,8.30,19.5,18.6,19.4,19.2,0,0,0,0,0,0,0,8688,64347,0
2025-11-20 13:00:00,8.42,18.9,18.2,19.2,18.9,0,0,0,0,0,0,0,86876,87321,0
2025-11-21 01:00:00,9.88,20.6,19.2,19.4,19.7,0,0,0,0,0,0,0,8688,64347,117
2025-11-21 13:00:00,7.67,19.5,18.2,19.3,19.1,0,0,0,0,0,0,0,86876,87321,0
2025-11-22 01:00:00,7.57,22.4,19.3,19.4,19.9,0,0,0,0,0,0,0,8688,64347,393
2025-11-22 13:00:00,6.22,19.5,18.0,19.3,19.1,0,0,0,0,0,0,0,86876,87321,0
2025-11-23 01:00:00,7.48,20,20,20,20,0,0,0,0,0,0,0,215310,64347,0
2025-11-23 13:00:00,9.30,19.6,18.3,19.4,19.2,0,0,0,0,0,0,0,86876,87321,0
2025-11-24 01:00:00,10.1,20.0,20,20.0,20,0,0,0,0,0,0,0,148541,64347,10.7
2025-11-24 13:00:00,8.37,19.4,18.3,19.3,19.1,0,0,0,0,0,0,0,86876,87321,0
2025-11-25 01:00:00,8.95,22.1,19.3,19.4,19.9,0,0,0,0,0,0,0,8688,64347,349
2025-11-25 13:00:00,6.07,19.5,18.0,19.2,19.0,0,0,0,0,0,0,0,86876,87321,0
2025-11-26 01:00:00,6.17,22.4,19.2,19.4,19.9,0,0,0,0,0,0,0,8688,64347,378
2025-11-26 13:00:00,4.05,19.7,17.8,19.2,19.0,0,0,0,0,0,0,0,86876,87321,0
2025-11-27 01:00:00,4.47,22.3,18.9,19.4,19.8,0,0,0,0,0,0,0,8688,64347,340
2025-11-27 13:00:00,4.18,19.4,17.6,19.1,18.8,0,0,0,0,0,0,0,86876,87321,0
2025-11-28 01:00:00,6.23,19.6,18.0,19.2,18.9,0,0,0,0,0,0,0,8688,64347,0
2025-11-28 13:00:00,6.60,18.9,17.7,18.9,18.6,0,0,0,0,0,0,0,86876,87321,0
2025-11-29 01:00:00,8.40,20.4,18.6,19.1,19.3,0,0,0,0,0,0,0,8688,64347,210
2025-11-29 13:00:00,9.42,19.9,18.1,19.3,19.1,0,0,0,0,0,0,0,86876,87321,0
2025-11-30 01:00:00,10.2,20.1,20,20,20,0,0,0,0,0,0,0,183930,64347,0
2025-11-30 13:00:00,9.53,19.4,18.2,19.3,19.1,0,0,0,0,0,0,0,86876,87321,0
2025-12-01 01:00:00,13.1,23.4,20.0,20,20.2,0,0,0,0,0,0,0,92320,64347,734
2025-12-01 13:00:00,13.8,21.0,19.0,19.9,19.9,0,0,0,0,0,0,0,86876,87321,0
2025-12-02 01:00:00,11.3,21.0,18.9,19.8,19.8,0,0,0,0,0,0,0,8688,64347,178
2025-12-02 13:00:00,10.6,20.7,18.6,19.8,19.7,0,0,0,0,0,0,0,86876,87321,0
2025-12-03 01:00:00,9.93,20.6,18.7,19.8,19.6,0,0,0,0,0,0,0,8688,64347,0
2025-12-03 13:00:00,9.75,20.4,18.5,19.7,19.5,0,0,0,0,0,0,0,86876,87321,0
2025-12-04 01:00:00,8.75,20.3,18.5,19.7,19.4,0,0,0,0,0,0,0,8688,64347,0
2025-12-04 13:00:00,8.43,19.9,18.2,19.4,19.2,0,0,0,0,0,0,0,86876,87321,0
2025-12-05 01:00:00,8.43,20.1,18.5,19.5,19.3,0,0,0,0,0,0,0,8688,64347,0
2025-12-05 13:00:00,6.55,19.2,17.9,19.1,18.8,0,0,0,0,0,0,0,86876,87321,0
2025-12-06 01:00:00,6.70,23.2,19.2,19.3,20.0,0,0,0,0,0,0,0,8688,64347,705
2025-12-06 13:00:00,4.67,19.8,17.7,19.2,19.0,0,0,0,0,0,0,0,86876,87321,0
2025-12-07 01:00:00,8.52,23.4,20,20,20.2,7,7,7,0,0,0,0,207933,128694,814
2025-12-07 13:00:00,8.22,20.5,18.2,19.6,19.4,0,0,0,0,0,0,0,86876,87321,0
2025-12-08 01:00:00,9.78,20.7,20,20,20,0,0,0,0,0,0,0,141544,64347,21.3
2025-12-08 13:00:00,8.53,19.9,18.2,19.5,19.3,0,0,0,0,0,0,0,86876,87321,0
2025-12-09 01:00:00,10.7,22.3,19.3,19.6,20.1,0,0,0,0,0,0,0,8688,64347,282
2025-12-09 13:00:00,10.7,20.8,18.6,19.8,19.7,0,0,0,0,0,0,0,86876,87321,0
2025-12-10 01:00:00,11.6,20.9,18.9,19.8,19.8,0,0,0,0,0,0,0,8688,64347,0
2025-12-10 13:00:00,10.7,20.2,18.6,19.6,19.5,0,0,0,0,0,0,0,86876,87321,0
2025-12-11 01:00:00,11.4,20.6,18.9,19.7,19.7,0,0,0,0,0,0,0,8688,64347,15.3
2025-12-11 13:00:00,9.85,19.8,18.4,19.5,19.3,0,0,0,0,0,0,0,86876,87321,0
2025-12-12 01:00:00,10.5,20.7,19.0,19.6,19.6,0,0,0,0,0,0,0,8688,64347,63.3
2025-12-12 13:00:00,8.53,19.4,18.2,19.3,19.1,0,0,0,0,0,0,0,86876,87321,0
2025-12-13 01:00:00,7.08,19.3,18.2,19.4,19.0,0,0,0,0,0,0,0,8688,64347,0
2025-12-13 13:00:00,6.33,18.9,17.8,19.0,18.7,0,0,0,0,0,0,0,86876,87321,0
2025-12-14 01:00:00,6.80,20.0,20,20,20,0,0,0,0,0,0,0,257753,64347,7.00
2025-12-14 13:00:00,7.02,18.8,17.9,19.1,18.8,0,0,0,0,0,0,0,86876,87321,0
2025-12-15 01:00:00,8.42,20,20,20,20,0,0,0,0,0,0,0,278924,64347,0
2025-12-15 13:00:00,7.63,18.7,18.0,19.1,18.8,0,0,0,0,0,0,0,86876,87321,0
2025-12-16 01:00:00,4.15,19.6,18.3,19.0,18.9,0,0,0,0,0,0,0,8688,64347,81
2025-12-16 13:00:00,2.72,18.1,17.3,18.6,18.3,0,0,0,0,0,0,0,86876,87321,0
2025-12-17 01:00:00,5.42,18.5,17.7,18.8,18.5,0,0,0,0,0,0,0,8688,64347,0
2025-12-17 13:00:00,7.83,18.3,17.6,18.7,18.4,0,0,0,0,0,0,0,86876,87321,0
2025-12-18 01:00:00,8.63,18.5,17.9,18.8,18.5,0,0,0,0,0,0,0,8688,64347,0
2025-12-18 13:00:00,7.48,18.1,17.5,18.6,18.3,0,0,0,0,0,0,0,86876,87321,0
2025-12-19 01:00:00,8.83,18.5,18.0,18.8,18.5,0,0,0,0,0,0,0,8688,64347,0
2025-12-19 13:00:00,8.37,18.1,17.7,18.7,18.3,0,0,0,0,0,0,0,86876,87321,0
2025-12-20 01:00:00,10.0,18.5,18.1,18.8,18.6,0,0,0,0,0,0,0,8688,64347,0
2025-12-20 13:00:00,8.73,18.2,17.8,18.7,18.4,0,0,0,0,0,0,0,86876,87321,0
2025-12-21 01:00:00,5.80,20,20,20,20,0,0,0,0,0,0,0,495785,64347,0
2025-12-21 13:00:00,4.58,17.7,17.4,18.5,18.2,0,0,0,0,0,0,0,86876,87321,0
2025-12-22 01:00:00,7.15,20,20,20,20,0,0,0,0,0,0,0,504554,64347,0
2025-12-22 13:00:00,8.13,18.2,17.8,18.8,18.5,0,0,0,0,0,0,0,86876,87321,0
2025-12-23 01:00:00,5.05,20.0,18.4,18.8,19.0,0,0,0,0,0,0,0,8688,64347,156
2025-12-23 13:00:00,1.58,17.9,17.1,18.4,18.1,0,0,0,0,0,0,0,86876,87321,0
2025-12-24 01:00:00,3.73,20.1,18.1,18.6,18.8,0,0,0,0,0,0,0,8688,64347,226
2025-12-24 13:00:00,3.50,18.0,17.1,18.4,18.1,0,0,0,0,0,0,0,86876,87321,0
2025-12-25 01:00:00,4.32,18.3,17.4,18.6,18.2,0,0,0,0,0,0,0,8688,64347,67.3
2025-12-25 13:00:00,4.75,18.1,17.1,18.4,18.1,0,0,0,0,0,0,0,86876,87321,0
2025-12-26 01:00:00,1.30,18.0,17.1,18.4,18.0,0,0,0,0,0,0,0,8688,64347,0
2025-12-26 13:00:00,-0.483,17.2,16.4,17.9,17.5,0,0,0,0,0,0,0,86876,87321,0
2025-12-27 01:00:00,0.367,17.6,16.9,18.1,17.7,0,0,0,0,0,0,0,8688,64347,4.00
2025-12-27 13:00:00,1.38,17.2,16.4,17.9,17.5,0,0,0,0,0,0,0,86876,87321,0
2025-12-28 01:00:00,4.10,20,20,20,20,0,0,0,0,0,0,0,642592,64347,0.667
2025-12-28 13:00:00,3.73,17.4,16.9,18.2,17.9,0,0,0,0,0,0,0,86876,87321,0
2025-12-29 01:00:00,5.25,20.5,20,20,20,0,0,0,0,0,0,0,282092,64347,599
2025-12-29 13:00:00,5.22,18.2,17.2,18.5,18.3,0,0,0,0,0,0,0,86876,87321,0
2025-12-30 01:00:00,6.45,18.8,17.7,18.6,18.5,0,0,0,0,0,0,0,8688,64347,64.0
2025-12-30 13:00:00,5.67,18.2,17.2,18.5,18.2,0,0,0,0,0,0,0,86876,87321,0
2025-12-31 01:00:00,2.28,18.2,17.2,18.4,18.1,0,0,0,0,0,0,0,8688,64347,0
2025-12-31 13:00:00,0.183,17.7,17.0,18.3,17.9,0,0,0,0,0,0,0,69501,114758,0